name,reference,external_url,locations
Volksbank pur eG,10001-1003796150-S,,"Karlsruhe, Baden"
Volksbank pur eG,10001-1003796079-S,,"Karlsruhe, Baden"
Page Personnel Service GmbH,10001-1003795397-S,,"Karlsruhe, Baden"
Simon Hegele Gesellschaft für Logistik und Service mbH,12688-REG-43140-RJA-S,https://www.karlsruher-jobanzeiger.de/job/detail/REG-43140/?utm_source=bundesagentur&utm_medium=unpaid-partner&utm_campaign=000,"Karlsruhe, Baden"
Industrie Vision BW GmbH,10001-1003795316-S,,"Karlsruhe, Baden"
Industrie Vision BW GmbH,10001-1003794723-S,,"Karlsruhe, Baden"
Industrie Vision BW GmbH,10001-1003794495-S,,"Karlsruhe, Baden"
Industrie Vision BW GmbH,10001-1003794275-S,,"Karlsruhe, Baden"
Industrie Vision BW GmbH,10001-1003794079-S,,"Karlsruhe, Baden"
AlphaConsult KG - Karlsruhe,17560-6d7e923f160c425-S,,"Karlsruhe, Baden"
AlphaConsult KG - Karlsruhe,17560-04cd24bf64b2415-S,,"Karlsruhe, Baden"
AlphaConsult KG - Karlsruhe,17560-63c10f5997ed43a-S,,"Karlsruhe, Baden"
AlphaConsult KG - Karlsruhe,17560-399c04475501449-S,,"Karlsruhe, Baden"
PSS Personal-Service Schneider Andreas Schneider,10001-1003792324-S,,"Karlsruhe, Baden"
PSS Personal-Service Schneider Andreas Schneider,10001-1003792323-S,,"Karlsruhe, Baden"
ASB BW e.V. Region Karlsruhe,10001-1003790591-S,,"Karlsruhe, Baden"
ANTARES Personal-Leasing GmbH Personaldienstleistungen,10001-1003791698-S,,"Karlsruhe, Baden"
TeamPower Personaldienstleistungs GmbH,10001-1003791688-S,,"Karlsruhe, Baden"
AlphaConsult KG - Karlsruhe,17560-754871c0cd304a2-S,,"Karlsruhe, Baden"
persona service AG & Co. KG,12122-974617496-S,,"Karlsruhe, Baden"
"Ministerium für Ländlichen Raum, Landwirtschaft und Heimat Land BW",10000-1208136810-S,,"Karlsruhe, Baden"
ACONEXT GmbH,10001-1003789818-S,,"Karlsruhe, Baden"
Arcadis Germany B.V. & Co. KG - Leipzig,10001-1003789722-S,,"Karlsruhe, Baden"
GFI – Gesellschaft für Inklusion,12117-YF-52039-YF-S,https://www.yourfirm.de/job/detail/YF-52039/?utm_source=bundesagentur&utm_medium=unpaid-partner&utm_campaign=000,"Karlsruhe, Baden"
medermis clinics GmbH,13635-9cf2f2cc_JB5263042-S,https://www.jobexport.de/job/5263042.html?exp=81&cid=9cf2f2cc-c45f-40ba-b259-8a5d6bad933a,"Karlsruhe, Baden"
