name,location,website
dm-drogerie markt GmbH + Co. KG,76227 Karlsruhe,https://www.dm-jobs.de/
FISCHER TEAMPLAN Ingenieurbüro GmbH,67346 Speyer,https://www.fischer-teamplan.de/
ING Deutschland,60486 Frankfurt am Main,https://www.ing.de/karriere
Reinhausen GmbH,93059 Regensburg,https://www.reinhausen.de
3DSE Management Consultants GmbH,80335 München,https://www.3dse.de
3M Deutschland GmbH,41453 Neuss,
3S Consult GmbH,30827 Garbsen,https://www.3sconsult.de
4C GROUP AG,80687 München,https://www.4cgroup.com
4flow,10587 Berlin,https://www.4flow.de
4flow SE,10587 Berlin,
A.T. Kearney,40211 Düsseldorf,https://kearney-jobs.de/?utm_source=kearney-verteilerseite&utm_medium=organic&ut
AB InBev,CF110JB Cardiff,
AB+M GmbH,76131 Karlsruhe,https://www.abm.de
abas Software GmbH,76135 Karlsruhe,https://www.abas-erp.com
ABB AG,68309 Mannheim,https://www.abb.de/karriere
AbbVie Deutschland GmbH & Co. KG,67061 Ludwigshafen,https://www.abbvie.de
Aberle GmbH,74211 Leingarten,https://www.aberle-automation.com
abilex GmbH,70597 Stuttgart,
abilis GmbH,76297 Stutensee,https://www.abilis.de
About Software GmbH,76149 Karlsruhe,
Acandis GmbH,75177 Pforzheim,https://www.acandis.com
Acantis,76149 Karlsruhe,https://www.acantis.de
Accelovate GmbH,76227 Karlsruhe,
Accenture GmbH,61476 Kronberg im Taunus,
ACONEXT Stuttgart GmbH,70736 Fellbach,https://www.aconext.de/
Adam Opel AG,65423 Ruesselsheim am Main,https://www.opel.de/Karriere
adesso SE,44269 Dortmund,https://www.karriere.adesso.de
adidas Group,91074 Herzogenaurach,https://www.careers.adidas-group.com
ADMEDES GmbH,75179 Pforzheim,https://karriere.admedes.com
Adolf Würth,74653 Künzelsau,https://www.wuerth.de
Advantest Europe GmbH,71034 Böblingen,https://advantest-career.de/
Aesculap AG,78532 Tuttlingen,https://www.bbraun.de/de/unternehmen/organisation-zahlen-und-fakten/aesculap-partner-der
Aether Research UG,76137 Karlsruhe,https://verlang.io/de
AFI Solutions GmbH,70567 Stuttgart,https://www.afi-solutions.com
agap2 - MoOngy GmbH,68161 Mannheim,https://agap2.com/germany/jobs/
AGCO GmbH (Fendt),87616 Marktoberdorf,https://www.fendt.com
Agentur für Arbeit Karlsruhe-Rastatt,76135 Karlsruhe,https://www.arbeitsagentur.de
Agilent Technologies,76337 Waldbronn,
Agilent Technologies,76337 Waldbronn,
Agilent Technologies R&D and Marketing GmbH,76337 Waldbronn,https://www.agilent.com
AIR LIQUIDE Deutschland GmbH,40235 Düsseldorf,https://www.airliquide.de
Airbus,31700 Blagnac,
Airbus Group,85521 Ottobrunn,
Airbus Secure Land Communications GmbH,89077 Ulm,https://www.airbus.com/de/careers/careers-at-public-safety-and-security
AJOVIVE Cosmetic Institute,76532 Baden-Baden,https://www.ajovive-institute.de
Akademische Fliegergruppe,76187 Karlsruhe,http://www.akaflieg.uni-karlsruhe.de/
AKG Software Consulting GmbH,79423 Heitersheim,https://www.akgsoftware.com/
AKKA Deutschland GmbH,71063 Sindelfingen,https://akka-technologies.com/de/career
AKKA RT GmbH,80807 München,https://www.akka-d.de
Akkodis,71063 Sindelfingen,https://www.akkodis.com/de
Albtal-Verkehrs-Gesellschaft mbH,76131 Karlsruhe,https://www.avg.info/unternehmen/karriere/offene-stellen.html
ALDI SÜD,45481 Mülheim an der Ruhr,https://karriere.aldi-sued.de
Alfred Kärcher SE & Co. KG,71364 Winnenden,https://www.kaercher-karriere.de
All for One Steeb AG,70794 Filderstadt,http://www.all-for-one.com/
Allegro MicroSystems Germany GmbH,69115 Heidelberg,https://www.allegromicro.com
Allianz,85774 Unterföhring,https://careers.allianz.com/de/de
Alltech Dosieranlagen GmbH,76356 Weingarten,https://www.alltech-dosieranlagen.de/
Alpha Omega GmbH,76698 Ubstadt-Weiher,
Alpha Test GmbH,68165 Mannheim,
Alpha-Students GmbH,76133 Karlsruhe,
ALSTOM Power GmbH,68309 Mannheim,
ALSTOM Transportation Germany GmbH,68309 Mannheim,
ALTANA,46483 Wesel,https://www.altana.jobs
ALTEN GmbH,96450 Coburg,https://www.alten-germany.de/karriere/
Altium Europe GmbH,76137 Karlsruhe,https://www.altium.com
Altman Solon GmbH & Co. KG,80333 München,https://www.altmansolon.com/
ALTUS renewables GmbH,76135 Karlsruhe,https://www.altus-re.de/
Amann Girrbach GmbH,75177 Pforzheim,https://www.amanngirrbach.com/de-de/
Amazon Pforzheim GmbH,75177 Pforzheim,
Amecke GmbH & Co.KG,58706 Menden,https://www.amecke.de
amiconsult GmbH,76133 Karlsruhe,
amo,75002 Paris,https://amo.co/?utm_source=KITschoolgermany&utm_campaign=schoolpromo
AMP ENERGY SOLUTIONS GmbH,74544 Michelbach,https://ampenergysolutions.de/
Ampco Pumps GmbH,76863 Herxheim bei Landau (Pfalz),https://www.ampcopumps.de
Amprion GmbH,44263 Dortmund,https://www.amprion.net/karriere/
Amt für Bodenmanagement Limburg a. d. Lahn,65552 Limburg,https://hvbg.hessen.de/ueber-uns/dienststellen/amt-fuer-bodenmanagement-limburg-
anapur AG,68163 Mannheim,https://anapur.de
Ancora Pacific GmbH,10823 Berlin,https://norituallab.de/
Andersen Germany GmbH,10629 Berlin,https://andersen-hiring-in-germany.andersenlab.com/
ANDREAS STIHL AG & Co. KG,71336 Waiblingen,
ANDREAS STIHL AG & CO.KG,71336 Waiblingen,https://corporate.stihl.de
andrena objects,76131 Karlsruhe,https://www.andrena-karriere.de
ANDRITZ KMPT GmbH,85256 Vierkirchen,https://www.andritz.com/separation
ANDRITZ Separation GmbH,51149 Köln,https://www.andritz.com/separation-en
AntBees UG,50674 Köln,https://antbees.de
antwortING Beratende Ingenieure PartGmbB,50678 Köln,https://www.antworting.de
AnyDesk Software GmbH,70191 Stuttgart,https://anydesk.com/en
AOX Group GmbH,78048 Villingen-Schwenningen,https://www.aox.de/
AP&S International GmbH,78166 Donaueschingen,https://www.ap-s.de
Apium Additive Technologies GmbH,76131 Karlsruhe,
APL Automobil-Prüftechnik Landau GmbH,76829 Landau,https://www.apl-landau.de
Apleona HSG Südwest GmbH,68219 Mannheim,https://jobs.apleona.com/
AppAdaptive GmbH,88214 Ravensburg,https://appadaptive.de
AppSphere AG,76275 Ettlingen,https://www.appsphere.com/
Aptean Germany GmbH,76275 Ettlingen,https://www.aptean.com/de-DE
aramido GmbH,76131 Karlsruhe,https://aramido.de
Arbeiten bei Weltmarktführern,77656 Offenburg,https://www.wro.de/bewerben
ARBURG GmbH + Co KG,72290 Loßburg,https://www.arburg.com
ARCADIS Deutschland,64293 Darmstadt,https://www.arcadis.de
Arcadis Germany B.V. & Co. KG,Karlsruhe 76185,https://www.arcadis.com/de/germany/
ARGO-HYTOS,76703 Kraichtal,https://www.argo-hytos.com
Arkwright Consulting AG,20099 Hamburg,https://www.arkwright.de
ARRK Engineering GmbH,80807 München,https://www.arrk-engineering.com
ArtiMinds Robotics GmbH,76131 Karlsruhe,http://www.artiminds.com
arvato Bertelsmann,33332 Gütersloh,https://www.arvato.com
ASAP Holding GmbH,85080 Gaimersheim,https://www.asap.de
ASCO Numatics GmbH,75248 Ölbronn-Dürrn,
Asia Internship,518067 Shenz,https://www.asia-internship.com/
Asseco Solutions,43-300 Karlsruhe,
Asseco Solutions AG,76227 Karlsruhe,http://www.assecosolutions.com/de/
ASSEM ARCHITEKTEN FREIE ARCHITEKTEN BDA PartmbB,76135 Karlsruhe,https://www.assemarchitekten.de
AStA am KIT,76131 Karlsruhe,https://asta-kit.de
atcetera GmbH,76316 Malsch,https://www.atcetera.de
ATHENE / Fraunhofer SIT,64295 Darmstadt,
"ATIX AG, 85748 Garching bei München",85748 Garching b. München,https://www.atix.de
Atlas Copco Deutschland,75015 Bretten,
Atlas Copco IAS GmbH,75015 Bretten,http://www.atlascopco.com/de-de/karriere
Atlas Copco Tools Central Europe GmbH,70771 Leinfelden-Echterdingen,
Atmos Space Cargo GmbH,77839 Lichtenau,
atmosfair gGmbH,12059 Berlin,https://www.atmosfair.de/
ATMOSIScience,91780 Temple City,https://atmosiscience.com
ATP Karlsruhe Planungs GmbH,76227 Karlsruhe,
Atruvia AG,76227 Karlsruhe,https://atruvia.de/
AUDI AG,85045 Ingolstadt,https://www.audi.de/karriere
Audi Consulting,85045 Ingolstadt,https://www.audi-consulting.de
Audials AG,76133 Karlsruhe,https://audials.com
audriga GmbH,76131 Karlsruhe,https://www.audriga.com
August Storck KG,99885 Ohrdruf,
AUMA Riester GmbH & Co. KG,79379 Müllheim,https://www.auma.com
AUNOVIS GmbH,76187 Karlsruhe,https://www.aunovis.de
AURELIUS,80331 München,
Aurora Energy Research,10967 Berlin,
AUSY Technologies Germany AG,80639 München,https://www.ausy-technologies.de
AutenSys GmbH,76133 Karlsruhe,
Automotive Safety Technologies GmbH,85080 Gaimersheim,
Avanade Deutschland GmbH,61476 Kronberg,https://www.Avanade.de
Avelios Medical GmbH,80339 München,https://www.avelios.com/de/careers
Avencore GmbH,40212 Düsseldorf,https://www.avencore.com
AVL Deutschland GmbH,55252 Mainz-Kastel,
AVL Group,8020 Graz,https://www.avl.com
Axel Springer,10888 Berlin,https://www.axelspringer.de/karriere
Axxelera,76189 Karlsruhe,
B&W Embedded Solutions GmbH,70435 Stuttgart,https://www.buw-eng.de
B. Metzler seel. Sohn & Co. Kommanditgesellschaft auf Aktien,60329 Frankfurt am Main,
B.Braun Aesculap AG,78532 Tuttlingen,https://www.mycareer-bbraun.de
B2B Medical GmbH,76437 Rastatt,https://www.b2bmedical.de
Bachert Unternehmensberatung GmbH & Co. KG,74076 Heilbronn,https://www.bachert-partner.de
Badenova Netze GmbH,79108 Freiburg,https://www.badenova.de/karriere
Badische Neueste Nachrichten Badendruck GmbH,76149 Karlsruhe,https://bnn.de
Badischer Sportbund Nord e.V.,76131 Karlsruhe,https://www.badischer-sportbund.de/
Badisches Staatstheater Karlsruhe,76137 Karlsruhe,https://www.staatstheater.karlsruhe.de/index.php
"Bain & Company, Inc.",80335 München,https://www.bain.com/careers/
BakerHicks,76131 Karlsruhe,
Balluff GmbH,73765 Neuhausen,https://www.balluff.com/de-de
bambé by Niclas Bamberger,82041 Oberhaching,
Barco Control Rooms GmbH,76229 Karlsruhe,https://www.barco.com
Bardusch GmbH & Co.KG,76275 Ettlingen,
Baresel Tunnelbau GmbH,49080 Osnabrück,
BASF - We create chemistry,67056 Ludwigshafen,https://www.basf.com
BASF SE,67056 Ludwigshafen,https://www.basf.com
BASF Services Europe GmbH,67056 Ludwigshafen,https://www.basf.com
"Basler & Hofmann AG Ingenieure, Planer und Berater",8008 Zürich,https://www.baslerhofmann.ch
BAT-Solutions GmbH,76437 Rastatt,https://www.bat-solutions.de
Bau-Solar Südwest GmbH,76768 Berg (Pfalz),https://www.bau-solar.de
Bauer AG,86529 Schrobenhausen,
Bauhaus Luftfahrt e.V.,82024 Taufkirchen,
BAUM lined piping GmbH,75217 Birkenfeld,
Baumer,78333 Stockach,https://www.baumer.com
Bauprojektgesellschaft Ludwigshafen mbH,67061 Ludwigshafen,https://karriere.bpg-ludwigshafen.de/
Bauunternehmung Streib GmbH & Co KG,68259 Mannheim,https://www.bau-streib.de
Bayer,51368 Leverkusen,https://www.karriere.bayer.de
Bayer AG,51373 L Leverkusen,https://www.bayer.com/en/
Bayer Business Services GmbH,51368 Leverkusen,
BBBank,76133 Karlsruhe,https://www.bbbank.de
BBBank eG 76133 Karlsruhe,76133 Karlsruhe,https://www.karriere.bbbank.de
BCG Platinion,60325 Frankfurt am Main,https://karriere.bcgplatinion.de/
BeamYourScreen GmbH,68161 Mannheim,https://www.mikogo.com
BearingPoint,60327 Frankfurt,https://www.bearingpoint.com
BearingPoint,60327 Frankfurt,https://www.bearingpoint.com
BearingPoint GmbH,60327 Frankfurt am Main,
BechTec GmbH,76275 Ettlingen,https://www.bechtec.de/
Bechtle AG,74172 Neckarsulm,https://www.bechtle.com/karriere
Bee360 GmbH,76137 Karlsruhe,https://career.bee360.com/
Beiersdorf AG,20245 Hamburg,http://www.beiersdorf.com/career/students-and-graduates
Belden Deutschland GmbH,72654 Neckartenzlingen,https://www.belden.com/about/careers
BELLIN Treasury International GmbH,77955 Ettenheim,https://bellin.com/jobs
Bellmer GmbH,75223 Niefern-Öschelbronn,https://www.bellmer.com
Benteler Gruppe,33104 Paderborn,https://www.benteler.de
Bertelsmann SE & Co. KGaA,33311 Gütersloh,https://createyourowncareer.com
Bertrandt AG,71139 Ehningen,https://www.bertrandt.com
Bertrandt Group,71139 Ehningen,https://www.bertrandt.com/karriere
Berufsbildende Schule Germersheim/Wörth,76726 Germersheim,
Berylls Group GmbH,"80539 München, Germany",
BGV Versicherung AG,76131 Karlsruhe,https://www.bgv.de
BHC GmbH,71034 Böblingen,https://www.b-h-c.de
Bieber-Systems GmbH,76131 Karlsruhe,https://bieber-systems.com/
big. bechtold-gruppe,76135 Karlsruhe,https://www.big-gruppe.com
Bihl+Wiedemann GmbH,68199 Mannheim,https://www.bihl-wiedemann.de
BIL eG,50672 Köln,
Biologische Heilmittel Heel GmbH,76532 Baden-Baden,https://www.heel.com
BioNTech SE,55131 Mainz,
BIOZOL Diagnostica Vertrieb GmbH,22419 Hamburg,https://www.biozol.de/de
Bischoff GmbH,76461 Muggensturm,https://bischoff-group.com
BISS.ID GmbH,54561 Wittlich,https://www.biss.id
BLACKLAKE digital,14476 Potsdam,
Blickle Räder+Rollen GmbH u. Co. KG,72348 Rosenfeld,https://www.blickle.de/
BLOM Deutschland GmbH,73614 Schorndorf,https://www.blom-deutschland.de/
blut.eV,76356 Weingarten,
BMW Car IT GmbH,89081 Ulm,https://www.bmw-carit.de
BMW Group,80788 München,https://karriere.bmwgroup.de
BMW Group. 80809,80809 Munich,https://www.bmw.de
Boehringer Ingelheim Pharma GmbH & Co. KG,55216 Ingelheim am Rhein,https://www.boehringer-ingelheim.com/de
BOKELA GmbH,76131 Karlsruhe,https://www.bokela.com
Bombardier Transportation GmbH,10785 Berlin,
bonding,76137 Karlsruhe,https://www.bonding.de
bonding-studierendeninitiative e. V.,52062 Aachen,
BorgWarner Turbo Systems GmbH,67292 Kirchheimbolanden,
Bosch Rexroth,97816 Lohr am Main,https://www.boschrexroth.de/karriere
Brainlab AG,85622 Feldkirchen b. München,https://www.brainlab.com/
BRC Solar GmbH,76275 Ettlingen,https://www.brc-solar.de
Breitband Ortenau GmbH & Co. KG,77652 Offenburg,https://www.breitband-ortenau.de/
BREMER Stuttgart GmbH,70499 Stuttgart,https://bremerbau.de
BridgingIT GmbH,68161 Mannheim,https://www.bridging-it.de
BRO Marketing GmbH,10629 Berlin,
Brückner Maschinenbau GmbH & Co. KG,83313 Siegsdorf,https://www.brueckner-maschinenbau.com/de
BRÜGGEN ENGINEERING GmbH,68167 Mannheim,https://www.brueggen-engineering.de
Bruker,76275 Ettlingen,https://www.bruker.com
Bruno Bader GmbH & Co. KG,75172 Pforzheim,https://Karriere@Bader.de
bsEngineering GmbH,72348 Rosenfeld,
BSH Hausgeräte GmbH,81827 München,https://www.bsh-group.com/de/
BSI Business Systems Integration Deutschland GmbH,64295 Darmstadt,https://www.bsi-software.com/de-ch/karriere
Bucher Automation Tettnang GmbH,88069 Tettnang,
Bundesamt für Sicherheit in der Informationstechnik (BSI),53175 Bonn,https://www.bsi.bund.de/karriere
Bundesanstalt für Wasserbau,76187 Karlsruhe,https://www.baw.de
Bundesbau Baden-Württemberg,79100 Freiburg,https://bundesbau-bw.de/
Bundesnachrichtendienst,10115 Berlin,
Bundeswehr,76131 Karlsruhe,https://www.bundeswehrkarriere.de
Bundeswehr - Karrierecenter der Bundeswehr Stuttgart,70191 Stuttgart,https://www.bundeswehrkarriere.de
BUNG Ingenieure AG,69126 Heidelberg,https://www.bung-gruppe.de
Burda Digital Systems,77652 Offenburg,https://www.burdasolutions.com
Bürkert Fluid Control Systems,74653 Ingelfingen,https://www.buerkert.de
burster präzisionsmesstechnik gmbh & co kg,76593 Gernsbach,
Buss AG,4133 Pratteln,https://www.busscorp.com
BVU Beratergruppe Verkehr+Umwelt GmbH,79106 Freiburg i.Br.,https://www.bvu.de
BWI GmbH,53340 Meckenheim,https://www.it-recruiting-day.de
CAIGOS GmbH,66459 Kirkel,https://www.caigos.de/
Calisen Deutschland,70173 Stuttgart,https://www.calisen.com/
Cambaum GmbH,76532 Baden-Baden,https://www.cambaum.de
Camelot ITLab GmbH,68165 Mannheim,https://www.camelot-itlab.com/careers
Campana & Schott Business Services,60487 Frankfurt am Main,https://www.campana-schott.com
Campus-Service GmbH,50935 Köln,
Capco - The Capital Markets Company GmbH,60313 Frankfurt am Main,https://www.capco.com/
Capgemini,81829 München,https://www.de.capgemini.com
Capgemini,63065 Offenbach,https://www.de.capgemini.com
Capnamic Ventures Management GmbH,50672 Köln,https://capnamic.com/
CarByte GmbH,76761 Rülzheim,https://www.carbyte.de
Carl Roth GmbH & Co. KG,76185 Karlsruhe,https://www.carlroth.com/de/de/
Carrybots GmbH,76227 Karlsruhe,https://www.carrybots.de
CAS Software,76131 Karlsruhe,https://cas-mitgestalter.de/
Catalent Germany Eberbach GmbH,69412 Eberbach,https://www.catalent.com
Catalent Germany Schorndorf GmbH,73614 Schorndorf,https://www.catalent.com
Caterpillar Energy Solutions GmbH,68167 Mannheim,https://www.caterpillar-energy-solutions.de
CAVIGEN,76761 Rülzheim,https://www.cavigen.eu
CBAM Estimator GmbH,70195 Stuttgart,https://www.cbam-estimator.com/?gad_source=1&gbraid=0AAAAA-xwNZm3xpqgO8kq3pUZyr8
cbs Corporate Business Solutions Unternehmensberatung GmbH,69115 Heidelberg,http://www.cbs-consulting.com/
cbs Corporate Business Solutions Unternehmensberatung GmbH,69115 Heidelberg,http://www.cbs-consulting.com
CCI Fördertechnik GmbH,74915 Waibstadt,https://www.cci-foerdertechnik.de/
CDI COLLEGE DES INGENIEURS GmbH,81675 München,https://www.cdi.eu
Celonis Deutschland GmbH,80333 München,https://www.celonis.com/careers/
CEMA GmbH,68163 Mannheim,https://www.cema.de
CGI Deutschland Ltd. & Co. KG,70771 Leinfelden-Echterdingen,
Chaos Software GmbH,76227 Karlsruhe,https://chaos.com
Charge Circle,76275 Ettlingen Bruchhausen,
Chartwell Consulting,10117 Berlin,https://www.chartwell-consulting.com/de/
Chartwell Consulting Deutschland GmbH,20354 Hamburg,https://www.chartwell-careers.de
Chemie-Verbände Baden-Württemberg,76530 Baden-Baden,http://www.yourjobchem.com
Chiropraktik Dr. Aidan Hogan - Privatpraxis für integrative Orthopädie,69123 Heidelberg,
Chrono24 GmbH,76131 Karlsruhe,https://www.chrono24.com
Ciber Holding GmbH,69115  Heidelberg,
CibusCell,67346 Speyer,https://www.cibuscell.com
CIL Strategy Consultants,80333 München,https://www.cil.com
Cinemo GmbH,76133 Karlsruhe,https://www.cinemo.com
cjt Systemsoftware AG,76187 Karlsruhe,https://www.cjt.de
CLAAS KGaA mbH,33428 Harsewinkel,
Clariant SE,65929 Frankfurt am Main,https://www.clariant.com
Clera,10781 Berlin,https://getclera.com
CMBlu Energy AG,63755 Alzenau,
Coca-Cola Europacific Partners Deutschland GmbH,10245 Berlin,https://de.ccep.jobs/
Codelution GmbH,76287 Rheinstetten,https://www.codelution.de
codepoetry,68167 Mannheim,https://codepoetry.de
Codewerk GmbH,76187 Karlsruhe,https://www.codewerk.de
CodeWrights GmbH,76137 Karlsruhe,https://www.codewrights.de/de
Cofinpro AG,60329 Frankfurt am Main,https://www.cofinpro.de
cognitivo GmbH,76131 Karlsruhe,https://www.cognitivo.de
Cognizant Technology Solutions GmbH,22767 Hamburg,https://www.cognizant.com/de-de/
Collège des Ingénieurs GmbH,80333 München,https://www.cdi.eu
Compauto GmbH,76133 Karlsruhe,https://www.compauto.de
conarum GmbH & Co KG,68789 St. Leon-Rot,http://conarum.com
CONET ISB GmbH,76227 Karlsruhe,https://www.conet-isb.de
CONET Technologies Holding GmbH,53113 Bonn,https://www.conet.de
Confinale AG,8005 Zürich,
Conitas GmbH,76131 Karlsruhe,
Conscia Deutschland GmbH,76275 76275 Ettlingen,
Consileon Business Consultancy GmbH,76133 Karlsruhe,https://www.consileon.de
CONSILIO GmbH,85609 Aschheim,https://www.consilio-gmbh.de
consolut.gmbh,68163 Mannheim,
consulting4drive GmbH,10587 Berlin,https://www.consulting4drive.com/
Contargo GmbH & Co. KG,68159 Mannheim,
Continental Automotive Technologies GmbH,60488 Frankfurt,
Continental Automotive Technologies GmbH,64832 Babenhausen,
Continental Teves AG & Co. oHG,60488 Frankfurt am Main,
ConVista Consulting AG,50678 Köln,
corvolution GmbH,76275 Ettlingen,https://corvolution.com
Coupa Inc.,"76227 Karlsruhe,",https://www.coupa.com
Covestro Deutschland AG,51373 Leverkusen,https://karriere.covestro.de/de/
CRONIMET Holding GmbH,76189 Karlsruhe,https://www.cronimet.de
CRX Markets AG,80687 München,https://www.crxmarkets.com
CTE Entwicklungen GmbH,86156 Augsburg,https://www.cte-entwicklungen.de
CyberForum e.V.,76131 Karlsruhe,https://www.cyberforum.de
CyberForum e.V.,76131 Karlsruhe,https://www.cyberforum.de
CYLAD Consulting GmbH,20457 Hamburg,https://www.cylad-consulting.com
d-fine GmbH,60313 Frankfurt am Main,https://www.d-fine.com
DACMA GmbH,20457 Hamburg,https://dacma.com
Daedalus GmbH,76187 Karlsruhe,https://www.daedalus.de/
Daimler AG,70546 Stuttgart,https://www.daimler.com/karriere
Daimler Buses Solutions GmbH,70771 Leinfelden-Echterdingen,https://solutions.buses.daimlertruck.com/en
Daimler Truck AG,70771 Leinfelden-Echterdingen,
"Daimler Truck AG, Entwicklungs- und Versuchszentrum Wörth",76744 Wörth am Rhein,
Daimler TSS,89081 Ulm,https://www.daimler-tss.de
Dambach CDE GmbH,76456 Kuppenheim,https://www.dambach-cde.com
Danaher Corp.,35578 Wetzlar,https://jobs.danaher.com/global/en
Dassault Systèmes 3DExcite GmbH,81671 München,https://www.3dexcite.com/en/
Dassault Systèmes Deutschland GmbH,70563 Stuttgart,http://www.3ds.com/
Dastex GmbH,76461 Muggensturm,https://www.dastex.com/
Data Insights GmbH,81371 München,https://www.datainsights.de
dataqube GmbH,76131 Karlsruhe,
DATEV eG,90329 Nürnberg,http://www.datev.de
Dätwyler Pharma Packaging Deutschland GmbH,76307 Karlsbad,https://www.datwyler.com
DB Mobility Logistics,70174 Stuttgart,https://deutschebahn.com/karriere
DCON GmbH,67657 Kaiserslautern,
dechant hoch- und ingenieurbau gmbh,96260 Weismain,https://www.dhib.de/
Deepshore GmbH,22767 Hamburg,https://deepshore.de
Deevth,11415 Tallinn,https://deevth.eu/contact/
Deichmann SE,45359 Essen,https://www.deichmann-karriere.de/
DEKRA Automobil GmbH,70565 Stuttgart,
Deloitte GmbH,40476 Düsseldorf,https://job.deloitte.com
delta e.V.,76131 Karlsruhe,https://www.delta-ev.de
Delta Energy Systems (Germany) GmbH,79331 Teningen,https://www.deltaenergysystems.com/en/
DENSO Automotive Deutschland,85386 Eching,https://www.denso-europe.com
Der Generalbundesanwalt beim Bundesgerichtshof,76135 Karlsruhe,https://www.generalbundesanwalt.de
Deutsch-Französisches Forschungsinstitut Saint-Louis,68300 Saint-Louis,http://www.isl.eu/de/
Deutsche Bahn AG,10557 Berlin,https://www.deutschebahn.com/karriere
Deutsche Bahn AG,70174 Stuttgart,
Deutsche Bahn AG,70174 Stuttgart,https://deutschebahn.com/kit
"Deutsche Bahn AG, Berlin",10557 Berlin,
Deutsche Bank,60325 Frankfurt am Main,https://www.db.com/careers
Deutsche Börse AG,65760 Eschborn,
Deutsche Gesellschaft für Internationale Zusammenarbeit (GIZ) GmbH,65760 Eschborn,
Deutsche Handelskammer für Spanien,28016 Madrid,https://www.ahk.es/de/ueber-uns/praktikum
Deutsches Patent- und Markenamt,80331 München,
Deutsches Zentrum für Luft- und Raumfahrt (DLR),51147 Köln,https://www.DLR.de/jobs
Devoteam GmbH,64331 Weiterstadt,https://www.devoteam.de
DFS Aviation Services GmbH,63225 Langen,
DFS Deutsche Flugsicherung GmbH,63225 Langen,
DHBW Karlsruhe,76133 Karlsruhe,
DHBW Stuttgart,70197 70197 Stuttgart,https://www.dhbw-stuttgart.de
DHL Consulting GmbH,53113 Bonn,https://dhl-consulting.com/
Diakonisches Werk Baden e.V.,76137 Karlsruhe,
Dialog Semiconductor,73230 Kirchheim/Teck-Nabern,https://www.diasemi.com
"Die Autobahn GmbH des Bundes, Niederlassung Südwest",70329 Stuttgart,https://www.autobahn.de/suedwest
Dieffenbacher GmbH Maschinen- und Anlagenbau,75031 Eppingen,https://www.dieffenbacher.de / www.ichwillzudieffenbacher.de
Dieffenbacher GmbH Maschinen- und Anlagenbau,75031 Eppingen,https://www.dieffenbacher.de
Dieffenbacher Maschinenfabrik GmbH,75059 Zaisenhausen,https://www.dieffenbacher-zaisenhausen.de
DIETZ GROUP,76307 Karlsbad,https://dietz-group.de/
dinext. Group,66115 Saarbrücken,https://dinext-group.com/
Director of Disability Programmes & Adjustments,NW11 8NP London,https://www.employ-ability.org.uk/
DIRINGER & SCHEIDEL UNTERNEHMENSGRUPPE,68199 Mannheim,https://www.dus-karriere.de
DIS AG,76131 Karlsruhe,
Discovergy GmbH,69115 Heidelberg,https://discovergy.com/jobs
disy Informationssysteme GmbH,76137 Karlsruhe,https://www.disy.net/de/
diva-e Digital Value Enterprise GmbH,76131 Karlsruhe,https://www.diva-e.com
DIVE Turbinen GmbH & Co.KG,63916 Amorbach,https://www.dive-turbine.de
dmTECH,76227 Karlsruhe,https://www.dmTECH.de
Dottikon Exclusive Synthesis AG,5605 Dottikon,https://dottikon.com/
Dow Corning,65201 Wiesbaden,https://www.dowcorning.com
Dow Deutschland Anlagengesellschaft mbH,65201 Wiesbaden,
DPS Engineering GmbH,70771 Leinfelden-Echterdingen,https://www.dps.de
Dr. Fritz Faulhaber GmbH & Co. KG,71101 Schönaich,https://www.faulhaber.com
Dr. Ing. h.c. F. Porsche Aktiengesellschaft,70435 Stuttgart,https://www.porsche.com/careers
DR. JOHANNES HEIDENHAIN GmbH,83301 Traunreut,https://www.heidenhain.de
Dr. O. Hartmann Chemische Fabrik – Apparatebau GmbH & Co. KG,71665 Vaihingen an der Enz,
Drägerwerk AG & Co KGaA,23558 Lübeck,https://www.draeger.com/de_de/Home
DRÄXLMAIER Group,84137 Vilsbiburg,https://www.draexlmaier.com
DRÄXLMAIER Group,840137 Vilsbiburg,https://www.draexlmaier.com
Drees & Sommer,70569 Stuttgart,https://www.dreso.com
Drees & Sommer SE,70569 Stuttgart,https://www.dreso.com
Dreßler Bau GmbH,76137 Karlsruhe,https://www.dressler-bau.de
DRIVE Consulting GmbH,52066 Aachen,https://www.drive-consulting.de
DST Germany GmbH,77694 Kehl,https://www.datascientest.com/de
DT Advisory,8304 Wallisellen,
DTOXIFY,80797 München,
Duale Hochschule Baden Württemberg Karlsruhe,76133 Karlsruhe,
Duatic GmbH,73765 Neuhausen auf den Fildern,https://www.duatic.com
Duravit AG,78132 Hornberg,
Dürr AG,74321 Bietigheim-Bissingen,https://www.durr.de/karriere
Dürr Dental,74321 Bietigheim-Bissingen,https://www.duerrdental.com/karriere
Dürr Systems AG,74321 Bietigheim-Bissingen,http://www.durr.com/de/karriere/
Dymatrix GmbH,70173 Stuttgart,
DZ BANK AG Deutsche Zentral-Genossenschaftsbank,60265 Frankfurt am Main,
E+H Gross GmbH,71254 Ditzingen,https://gross-schaltschrankbau.de/
E. Dold & Söhne GmbH & Co. KG,78120 Furtwangen,https://www.dold.com/
E. Zoller GmbH & Co. KG,74385 Pleidelsheim,
E.Breuninger GmbH & Co.,70173 Stuttgart,https://www.e-breuninger.de/de/karriere/stellenangebote/
E.ON Business Services Berlin GmbH,10117 Berlin,
E.ON Inhouse Consulting GmbH,45131 Essen,https://www.eon.com/de/ueber-uns/geschaeftseinheiten/eon-inhouse-consulting.html
e.optimum AG,77654 Offenburg,
e.solutions GmbH,85055 Ingolstadt,https://www.esolutions.de
E2open GmbH,76227 Karlsruhe,
e:fs TechHub GmbH,85080 Gaimersheim,https://www.efs-techhub.com
Eaton Germany GmbH,53115 Bonn,https://www.eaton.com
Eaton Industries Manufacturing,76437 Rastatt,
Eberspächer Controls Landau GmbH & Co. KG,76829 Landau in der Pfalz,https://www.eberspaecher.com
ebm-papst Mulfingen GmbH & Co. KG,74673 Mulfingen,
ebm-papst St. Georgen,78112 St. Georgen,https://www.ebm-papst.com
Ebner Stolz Mönning Bachem Partnerschaft mbB,70174 Stuttgart,http://www.ebnerstolz.de
EBZ Gruppe,88212 Ravensburg,
Echobot Media Technologies GmbH,76131 Karlsruhe,https://www.echobot.de/
Ed. Züblin AG,76139 Karlsruhe,https://www.karlsruhe.zueblin.de
EDAG Engineering GmbH,71063 Sindelfingen,https://www.edag.de/karriere
EDAG Engineering GmbH,36037 Fulda,https://www.edag.com/de/
EDEKA Südwest,77656 Offenburg,https://verbund.edeka/s%C3%BCdwest/karriere/
EESTEC JLC Karlsruhe,76131 Karlsruhe,
Effizienzpioniere GmbH,70176 Stuttgart,https://www.effizienzpioniere.de/
Eigenbetrieb Stadtentwässerung Pforzheim,75172 pFORZHEIM,https://stadtentwaesserung.pforzheim.de/index.html
EKATO Rühr- und Mischtechnik GmbH,79650 Schopfheim,https://career.ekato.com/go/Ausbildung-und-duales-Studium/8587355/
ELCA Informatik AG,8003 Zürich,https://www.elca.ch
Elevara GmbH,76185 Karlsruhe,https://www.elevara.de
ELO Digital Office GmbH,70178 Stuttgart,
ElringKlinger AG,72581 Dettingen/Erms,https://www.elringklinger.de
embeX GmbH,79100 Freiburg,https://www.embex-engineering.com
emmtrix Technologies GmbH,76131 Karlsruhe,https://www.emmtrix.com
En-Concept® Energy Consultancy GmbH,77652 Offenburg,https://www.en-concept.de
EnBW Cyber Security GmbH,76131 Karlsruhe,https://www.enbw.com/cyber-security/
EnBW Energie Baden-Württemberg AG,76131 Karlsruhe,https://www.enbw.com/karriere
Endress+Hauser Messtechnik GmbH&Co.KG,79576 Weil am Rhein,
Endress+Hauser SE+Co. KG,79689 Maulburg,https://www.endress.com/karriere
ENERCON,26605 Aurich,https://www.enercon.de/karriere
Energieagentur Südwest GmbH,79539 Lörrach,https://www.energieagentur-suedwest.de/
Energieberatung Maier GmbH,76227 Karlsruhe,https://www.energieberatung-maier.de
energielenker Gruppe,48165 Münster,https://energielenker.de/unternehmen/karriere/
ENERGY4U GmbH,76131 Karlsruhe,https://www.energy4u.org
Engel & Völkers Bruchsal,76646 Bruchsal,
EnQS GmbH,76133 Karlsruhe,https://www.enqs.de/karriere/
Ensinger GmbH,71154 Nufringen,https://www.ensingerplastics.com
entegra AG,76275 Ettlingen,
Enventa Group GmbH,76135 Karlsruhe,https://www.enventa.de
ENVIOTECH GmbH,61118 Bad-Vilbel,https://enviotech.de
Enviro-Plan GmbH,55571 Odernheim am Glan,
EOS GmbH,82152 Krailling,https://www.eos.info
ERBE Elektromedizin GmbH,72072 Tübingen,https://www.erbe-med.com
Erhardt Gruppe,76135 Karlsruhe,https://www.erhardt-buerowelt.de/unternehmen-erhardt-buerowelt/erhardt-gruppe-fu
Erwin Junker Maschinenfabrik GmbH,77787 Nordrach,https://www.junker-group.com/de/
Erzdiözese Freiburg - Erzb. Bauamt Freiburg,79102 Freiburg,https://www.ebfr-bau.de/freiburg
esentri AG,76275 Ettlingen,https://www.esentri.com
ESG Elektroniksystem- und Logistik-GmbH,82256 Fürstenfeldbruck,https://www.esg.de
ESPRiT Engineering GmbH,80807 München,https://www.esprit-engineering.de/
etagefuenf,79104 Freiburg,https://etagefuenf.de
Etteplan Germany GmbH,"69168 Wiesloch, Germany",https://www.etteplan.com/
etventure Corporate Innovation GmbH,10969 Berlin,https://www.etventure.de
Europäisches Institut für Energieforschung (EIFER),76131 Karlsruhe,https://www.eifer.org
European Investment Bank,2950 Luxembourg,https://www.eib.org
European Southern Observatory,85748 Garching bei München,https://www.eso.org
Eurovent,1040 Brussels,https://www.eurovent.eu/
Eurowind Energy GmbH,22761 Hamburg,https://eurowindenergy.com/de
Eve by Eraneos,40212 Düsseldorf,https://eve.eraneos.com/de/
Evonik Industries AG,45128 Essen,https://www.evonik.de/karriere
Evora IT Solutions GmbH,69190 Walldorf,https://www.evorait.com
Evosoft,90411 Nürnberg,https://www.evosoft.com
eXXcellent solutions,70565 Stuttgart,https://www.exxcellent.de
EXXETA AG,76131 Karlsruhe,https://www.EXXETA.com
Exyte Central Europe GmbH,70376 Stuttgart,https://www.exyte.net
EY Deutschland,70629 Stuttgart,https://www.ey.com/de_de/careers
Eyezag,76131 Karlsruhe,
Factory Evolution,70563 Stuttgart,https://www.factory-evolution.com/
Fair Isaac Germany GmbH,64625 Bensheim,https://www.fico.com und www.tonbeller.com
FARO Europe GmbH,70825 Korntal-Münchingen,
Fasihi GmbH,67059 Ludwigshafen,https://www.fasihi.net/karriere
Faurecia Autositze GmbH,91781 Weißenburg,
FDM Group GmbH,60329 Frankfurt am Main,http://www.fdmgroup.com
Feintool System Parts Ettlingen GmbH,76275 Ettlingen,https://www.feintool.com
Felsaris Gmbh,68309 Mannheim,https://www.felsaris.com/de
Felsomat GmbH & Co. KG,75203 Königsbach-Stein,https://www.felsomat.de
FERCHAU GmbH,76135 Karlsruhe,https://www.ferchau.com
Ferrero MSC GmbH & Co. KG,35260 Stadtallendorf,https://www.ferrerocareers.com/de/de/
Festo SE & Co. KG,73734 Berkheim-Esslingen,https://www.festo.com/karriere
Festool Group,73240 Wendlingen,https://www.festool-group.com
FEURER Group GmbH,74336 Brackenheim,
FEV,52078 Aachen,https://www.fev.com
FEV Consulting GmbH,52078 Aachen,https://www.fev-consulting.com
Fichtner GmbH & Co.KG,70191 Stuttgart,https://www.fichtner.de/
Fiducia & GAD IT AG,76227 Karlsruhe,
Finanz Informatik Solutions Plus GmbH,60846 Frankfurt,https://www.team-der-loesungsfinder.de
finanzen.net GmbH,76135 Karlsruhe,https://www.finanzen.net
FingerHaus GmbH,35066 Frankenberg (Eder),https://www.fingerhaus.de/karriere
Fintegral Deutschland AG,60313 Frankfurt am Main,
FIR an der RWTH Aachen,52074 Aachen,https://www.fir.rwth-aachen.de/
fischerwerke GmbH & Co. KG,72178 Waldachtal,https://www.fischer.de
FitX Deutschland GmbH,40789 Monheim am Rhein,https://www.fitx.de
FIVE1 GmbH & Co. KG,69168 Wiesloch,http://www.five1.de
FIZ Karlsruhe - Leibniz-Institut für Informationsinfrastruktur GmbH,76344 Eggenstein-Leopoldshafen,https://www.fiz-karlsruhe.de
flexlog GmbH,76227 Karlsruhe Durlach,https://www.flexlog.de
Fluence,91056 Erlangen,https://fluenceenergy.com/energy-storage-technology/
FORMIC Transportsysteme GmbH,76131 Karlsruhe,https://www.formic-transportsystem.com
Forscherfreunde GmbH,69181 Leimen,https://www.forscherfreunde.de
Forschungszentrum Jülich GmbH,52425 Jülich,https://www.fz-juelich.de/karriere
Forvis Mazars,20457 Hamburg,https://karriere-de.forvismazars.com/
Frachtwerk GmbH,76133 Karlsruhe,https://www.frachtwerk.de
Framo Morat GmbH & Co. KG,79871 Eisenbach,https://www.franz-morat.com
Franz Binder GmbH & Co. Elektrische Bauelemente KG,74172 Neckarsulm,
Franz Wild GbR,77723 Gengenbach,https://wild-brennerei.de
Fraunhofer Institut für System- und Innovationsforschung ISI,76139 Karlsruhe,https://www.isi.fraunhofer.de
Fraunhofer IOSB,76131 Karlsruhe,https://www.fraunhofer.de
Fraunhofer-Einrichtung Forschungsfertigung Batteriezelle FFB,48165 Münster,https://www.forschungsfertigung-batteriezelle.fraunhofer.de/
Fraunhofer-Gesellschaft,80686 München,https://www.fraunhofer.de/karriere
Fraunhofer-Institut für Angewandte Festkörperphysik IAF,79108 Freiburg im Breisgau,https://www.iaf.fraunhofer.de/
Fraunhofer-Institut für Arbeitswirtschaft und Organisation IAO,70569 Stuttgart,https://www.iao.fraunhofer.de/
"Fraunhofer-Institut für Integrierte Schaltungen IIS, 91058 Erlangen",91058 Erlangen,http://www.iis.fraunhofer.de/
"Fraunhofer-Institut für Kurzzeitdynamik, Ernst-Mach-Institut, EMI",79104 Freiburg,http://www.emi.fraunhofer.de
Frequentis Comsoft GmbH,76227 Karlsruhe,https://www.frequentis-comsoft.com
Fresenius SE & Co. KGaA,61352 Bad Homburg,
Freshfields PartG mbB,60315 Frankfurt am Main,
Freudenberg & Co.KG,69469 Weinheim,https://www.freudenberg.com
Freudenberg IT GmbH & Co. KG,69469 Weinheim,https://www.freudenberg-it.com/de/
Frey Bier Genuss GmbH c/o Carls Wirtshaus,76133 Karlsruhe,https://www.carls-wirtshaus.de
Freyler,79341 Kenzingen,
FTI-Andersch AG,60329 Frankfurt am Main,https://careers.fti-andersch.com/
FUCHS SE,68169 Mannheim,https://www.fuchs.com/gruppe/
fuks e.V.,76131 Karlsruhe,http://www.fuks.org/
Future Businesspartners GmbH,76137 Karlsruhe,https://www.futurebusiness.partners
Future Talent Council,111 20 Stockholm,https://futuretalentcouncil.org/
FZI FORSCHUNGSZENTRUM INFORMATIK,76131 Karlsruhe,http://www.fzi.de
G+H GROUP,68199 Mannheim,https://www.guh-group.com/
G.O. Engineering GmbH,77815 Bühl,https://go-engineering.de/
G.RAU GmbH & Co. KG,75172 Pforzheim,https://g-rau.de
Gameforge AG,76131 Karlsruhe,https://corporate.gameforge.com
Gartner UK Limited,"TW20 9AH Egham, Surrey",
GASCADE Gastransport GmbH,34119 Kassel,https://www.gascade.de
Gastro Group KA OHG,64283 Darmstadt,https://gastro-group.de
GEBIT Solutions GmbH,14193 Berlin,https://www.gebit.de/karriere
Gebr. Heller Maschinenfabrik,72622 Nürtingen,https://www.heller.biz
Geiger Gruppe,87561 Oberstdorf,https://www.geigergruppe.de
Gemeinschaftspraxis Dres. Klarhof und Block,76275 Ettlingen,https://www.gastroenterologie-ettlingen.de
GEMÜ Gebr. Müller Apparatebau GmbH & Co. KG,74653 Ingelfingen,https://www.gemu-group.com
General Electric,60313 Frankfurt am Main,
Generalstaatsanwaltschaft Karlsruhe,76131 Karlsruhe,"https://generalstaatsanwaltschaft-karlsruhe.justiz-bw.de/pb/,Lde/Startseite"
generic.de software technologies AG,76185 Karlsruhe,https://www.generic.de
Georg Fischer Automotive AG,8201 Schaffhausen,
Gerber Architekten GmbH,44149 Dortmund,https://www
Gesellschaft für Inklusion - GFI - Baden GmbH,76133 Karlsruhe,https://www.gesellschaft-fuer-inklusion.de
Gesundheitsamt Darmstadt,64295 Darmstadt,
Getinge,76437 Rastatt,https://www.getinge.com/de/karriere/
Getsafe GmbH,69123 Heidelberg,
GFT Technologies SE,70567 Stuttgart,https://www.gft.com/de/karriere
Gigahertz GmbH,76694 Forst,https://www.gigahertz.de
Gigatronik Stuttgart GmbH,70374 Stuttgart,https://www.gigatronik.com
GKW Consult GmbH,68165 Mannheim,https://www.gkw-consult.com
GLOBAL MARKET SOLUTIONS,75011 PARIS,http://www.globms.com/
GMS Management Solutions Österreich GmbH,60325 Frankfurt,https://www.managementsolutions.com/de
GOLDBECK GmbH,33649 Bielefeld,https://www.goldbeck.de
GOLDBECK SOLAR GmbH,69493 Hirschberg,https://goldbecksolar.com/?lang=de
Goldbeck Süd GmbH,76139 Karlsruhe,http://www.goldbeck.de/de/karriere/
GoSilico GmbH,76133 Karlsruhe,
Goskyhy,19958 LEWES,https://www.goskyhy.com/
GoTo Technologies Germany GmbH,76131 Karlsruhe,https://www.goto.com
GP Strategies,85356 Freising,
Grant Thornton AG Wirtschaftsprüfungsgesellschaft,40476 Düsseldorf,https://www.grantthornton.de/karriere/
Gratz Engineering GmbH,74189 Weinsberg,https://www.gratz.de
GRENKE AG,76532 Baden-Baden,https://www.grenke.de/karriere
gridX GmbH,80639 München,https://www.gridx.ai/careers
Griesemann Gruppe,50389 Wesseling,
Gropyus Technologies GmbH,10827 Berlin,
GTU Mobility GmbH & Co. KG,30179 Hannover,
Guldberg GmbH,80997 München,https://www.guldberg.de
GUTEX Holzfaserplattenwerk H. Henselmann GmbH + Co. KG,79761 Waldshut-Tiengen,https://www.gutex.de/
H&F Engineering GmbH,91315 Höchstadt,
Hager Electro GmbH & Co. KG,66440 Blieskastel,
Hager Group SE,66440 Blieskastel,
Handtmann Unternehmensgruppe,88400 Biberach,
Hanselmann & Compagnie GmbH,70469 Stuttgart,https://www.hcie-consulting.de/de/unternehmen
Harrer Ingenieure Gesellschaft beratender Ingenieure VBI mbH,76137 76133 Karlsruhe,https://www.harrer-ing.net
Hartmann&König StromzuführungsAG,76676 Graben-Neudorf,https://www.hukag.com
Haufe Group,79111 Freiburg,https://www.haufegroup.com/de/karriere
HAWE Hydraulik SE,85609 Aschheim,https://www.hawe.com/de-de/
"HEBERGER Hoch-, Tief- und Ingenieurbau GmbH",67105 Schifferstadt,https://karriere.heberger.com
HECHLER Reifen- & Autoservice,76297 Stutensee,https://www.hechler-reifen.de
Heckler & Koch GmbH,78727 Oberndorf am Neckar,https://www.heckler-koch.com/de
HECTOR School of Engineering and Management,76131 Karlsruhe,https://www.hectorschool.com
Heidelberg Engineering GmbH,69115 Heidelberg,
Heidelberg Materials,69120 Heidelberg,https://www.heidelbergmaterials.com
HeidelbergCement AG,68519 Viernheim,
Heidelberger Druckmaschinen AG,69168 Wiesloch,http://www.heidelberg.com
Heidelmerce GmbH,69190 Walldorf,https://www.heidelmerce-gmbh.de/
HEINZMANN GmbH & Co. KG,79677 Schönau,https://www.heinzmann.com
Helbling Business Advisors GmbH,40221 Düsseldorf,
Hella Gutmann Solutions GmbH,79241 Ihringen,http://www.hella-gutmann.com/de/
HELLA KGaA Hueck & CO.,59552 Lippstadt,https://www.hella.com
Hellma GmbH & Co. KG,79379 Müllheim,https://www.hellma.com/de/home/
hema,73431 Aalen,
Henkel,40589 Düsseldorf,https://www.henkel.com
HENSOLDT Avionics GmbH,75179 Pforzheim,https://www.hensoldt-avionics.com
HENSOLDT Sensors GmbH,89077 Ulm,https://www.hensoldt.net
HEP Kapitalverwaltung AG,74363 Güglingen,https://hep.global/
Heraeus Holding GmbH,63450 Hanau,https://www.heraeus.de
Herbold Meckesheim,74909 Meckesheim,https://www.herbold.com
Herrenknecht,77963 Schwanau-Allmannsweier,https://www.herrenknecht.com
Herrmann Ultraschalltechnik GMbH & Co. KG,76307 Karlsbad,https://www.herrmannultraschall.com/de/
High Five Health Promotion,1432 CE Aalsmeer,
Hilti AG,9494 Schaan,https://careers.hilti.li/en-li
Hilti Corporation,9494 Schaan,https://www.hilti.com
Hilti Entwicklungsgesellschaft mbH,86916 Kaufering,
HIMA Paul Hildebrandt GmbH,68782 Brühl,https://www.hima.com
HINTE,76185 Karlsruhe,https://www.hinte-messe.de/
Hirschmann Car Communication GmbH,72654 Neckartenzlingen,https://hirschmann-car.com/de/home-deutsch/
Hitex GmbH,76131 Karlsruhe,https://www.hitex.com/
HMS Analytical Software,69115 Heidelberg,https://www.analytical-software.de
HMS Industrial Networks GmbH,76131 Karlsruhe,https://www.hms-networks.com/
Hochschule Karlsruhe - Technik und Wirtschaft,76133 Karlsruhe,https://www.hs-karlsruhe.de/imp
Holidu GmbH,80992 München,
HOLINGER Ingenieure GmbH,76133 Karlsruhe,https://www.holinger.com
HOLISTIC42 GmbH,55129 Mainz,https://www.holistic42.de
HÖLL Office GmbH,76532 Baden-Baden,https://hoell.de/
Hölscher Wasserbau GmbH,49733 Haren (Ems),
HOMAG Holzbearbeitungssysteme GmbH,72296 Schopfloch,https://www.homag.com/karriere
Homburg & Partner,68163 Mannheim,https://www.homburg-partner.com
Honestly MT GmbH,50670 Köln,https://www.honestly.de
Hong Kong Talent Engage,N/A Wan Chai,https://www.hkengage.gov.hk/
Horbach Akademikerberatung,70174 Stuttgart,https://www.horbach.de
Horn & Company,40221 Düsseldorf,https://www.horn-company.de
HORNBACH-Baumarkt-AG,76879 Bornheim,https://www.hornbach.de/heldengesucht
Hortiful Gmbh & Co. Kg,69190 Walldorf,
Horváth,70173 Stuttgart,http://www.horvath-partners.com/
Horváth & Partner GmbH,70178 Stuttgart,
HOSOKAWA ALPINE Aktiengesellschaft,86199 Augsburg,https://www.hosokawa-alpine.de/
hte GmbH,69123 Heidelberg,https://www.hte-company.com/de/
Huawei Technologies Deutschland GmbH,40549 Düsseldorf,https://www.huawei.com/de
Huawei Technologies Duesseldorf GmbH,40549 Duesseldorf,
Hubert Burda Media,77652 Offenburg,https://www.burda.com/de/karriere/?pk_campaign=kit-profil2019
Huf Baolong Electronics Bretten GmbH,75015 Bretten,https://www.bh-sens.com
Hugo Boss AG,72555 Metzingen,https://www.hugoboss.com/de/home
HUK-COBURG,96450 Coburg,https://huk.de/karriere
Human Robot GmbH,324271 Minden,https://human-bot.de
Humatica,80539 Munich,https://www.humatica.com/
HYDAC INTERNATIONAL GMBH,66280 Sulzbach/Saar,https://www.hydac.com/de-de/karriere
Hyundai Mobis Parts Europe N.V.,65936 Frankfurt am Main,
IABG mbH,85521 Ottobrunn,https://www.iabg.de
IAESTE LC Karlsruhe,76131 Karlsruhe,https://www.iaeste-karslruhe.de
IBES Baugrundinstitut GmbH,67433 Neustadt an der Weinstraße,https://ibes-gmbh.de
IBM Deutschland GmbH,71139 Ehningen,https://www.ibm.com/jobs/de
IBS Ingenieurbüro Dr. Klaus Schnürer GmbH,76185 Karlsruhe,https://www.ibs-ka.de
iC Consult GmbH,80807 München,https://www.lovemyjob.io
ICIS,76133 Karlsruhe,
IDS GmbH,76275 Ettlingen,https://www.ids.de
IDS Imaging Development Systems GmbH,74182 Obersulm,
ids-System GmbH,25421 Pinneberg,https://www.ids-system.de/
ifect GmbH,76646 Bruchsal,https://www.ifect.de
IG Metall,76137 Karlsruhe,https://www.karlsruhe.igm.de/
IHI Charging Systems International GmbH,69126 Heidelberg,http://www.ihi-csi.de
IHK Karlsruhe,76133 Karlsruhe,http://www.karlsruhe.ihk.de/
IHK Rhein-Neckar,68161 Mannheim,
IKA Werke GmbH & Co. KG,79219 Staufen im Breisgau,https://www.ika.com/de
ikl Ingenieurbüro Prof. Dr.-Ing. Kunibert Lennerts GmbH,76133 Karlsruhe,
IKOS Group,10785 Berlin,
illwerke vkw AG,6900 Bregenz,https://illwerkevkw.jobs/
IMO Oberflächentechnik GmbH,75203 Königsbach-Stein,https://www.imo-gmbh.com
Implenia Deutschland GmbH,65479 Raunheim,https://www.implenia.com
iMTED,70569 Stuttgart,https://imted-ai.com/
in-tech GmbH,85748 Garching b. München,
INDEX-Werke GmbH & Co. KG,73730 Esslingen,
INERATEC GmbH,76178 Karlsruhe,https://ineratec.de/
Infineon Technologies AG,85579 Neubiberg,
Infomotion,60327 Frankfurt am Main,https://www.infomotion.de
INFOMOTION GmbH,60327 Frankfurt,https://www.infomotion.de/karriere
Informationstechnikzentrum Bund (ITZBund),53175 Bonn,https://www.digital-fuer-deutschland.de/Webs/DfD/DE/home/home_node.html
Ingenieurbüro Diel - KÜS Kfz-Prüfstelle,76532 Baden-Baden,https://www.ib-diel.de
Ingenieurbüro Dr. Jotzo,67433 Neustadt an der Wstr.,
Ingenieurbüro Götz GmbH,75031 Eppingen,https://www.ingenieurbuerogoetz.de
Ingenieurbüro Grassl GmbH,70567 Stuttgart,https://www.grassl-ing.de/
Ingenieurgruppe Bauen,76133 Karlsruhe,https://www.ingenieurgruppe-bauen.de
init SE,76131 Karlsruhe,https://www.initse.com
Innoface AG,76137 Karlsruhe,https://www.innoface.de
innogy Consulting GmbH,45139 Essen,https://consulting.innogy.com
INNOSYSTEC GmbH,88682 Salem,https://www.innosystec.de
innovate Software GmbH,72218 Wildberg,https://www.innovate-gmbh.de/de/karriere
INOTEQ GmbH,76131 Karlsruhe,https://www.inoteq.com
Inova Semiconductors GmbH,81379 München,https://www.inova-semiconductors.de
inovex GmbH,76131 Karlsruhe,https://www.inovex.de/de/
inprotec GmbH,79423 Heitersheim,https://www.inprotec.de
INROS LACKNER SE,79111 Freiburg,
Institut für Technische Physik (ITEP) am KIT,76344 Eggenstein-Leopoldshafen,https://www.itep.kit.edu/
Institute of Science and Technology Austria - ISTA,3400 Klosterneuburg,https://ista.ac.at/en/home/
INTEGRTR GmbH,68766 Hockenheim,https://www.integrtr.com
Intuitive Surgical,79108 Freiburg,https://www.intuitive.com/de-de
invenio GmbH Engineering Services,65428 Rüsselsheim,https://www.invenio.net
INVENSITY GmbH,65185 Wiesbaden,
INVERTO GmbH,50825 Köln,
Inxmail GmbH,79106 Freiburg,https://www.inxmail.de
io-consultants GmbH & Co. KG,69115 Heidelberg,https://www.io-group.com
IPG Automotive,76185 Karlsruhe,https://www.ipg-automotive.com
ipk GmbH,69123 69123 Heidelberg,
IPN Brainpower GmbH & Co. KG,90449 Nürnberg,https://www.ipn-gruppe.com
IQ Buddy GmbH,76139 Karlsruhe,
IQVIA Commercial GmbH  Co. OHG,60549 Frankfurt am Main,https://www.iqvia.com/
IREES GmbH,76131 Karlsruhe,https://www.irees.de
ISB GmbH,76351 Linkenheim,
ISD FENIQS GmbH,67063 Ludwigshafen,https://isd.de/de/
ISTEC Industrielle Software-Technik GmbH,70771 Leinfelden-Echterdingen,https://www.istec.de
ISU Personaldienstleistungen GmbH,76137 Karlsruhe,http://www.isu-personal.de/
IT Additional Services GmbH,76131 Karlsruhe,https://www.itas-gmbh.de/de/willkommen
IT Frankfurt GmbH,60487 Frankfurt am Main,
it-economics,81667 München,https://www.it-economics.de
itb Institut für Betriebsführung im DHI e.V.,76135 Karlsruhe,https://www.itb.de
ITeanova Consult GmbH,69115 Heidelberg,https://www.iteanova.com
iteratec,81669 München,https://www.iteratec.com
itestra GmbH,80796 München,https://www.itestra.com
itestra GmbH,80796 München,
ITK Engineering GmbH,76761 Rülzheim,http://www.itk-karriere.de/
itprocess GmbH,76131 Karlsruhe,https://itprocess.de/
ITscope GmbH,76131 Karlsruhe,https://www.itscope.com/ueber-uns/karriere
J&C Bachmann GmbH,75179 Pforzheim,https://jcbachmann.com/en/karriere/
J. Schmalz GmbH,72293 Glatten,https://www.schmalz.com/karriere
jambit GmbH,70174 Stuttgart,https://www.jambit.de
Jamit Labs GmbH,76131 Karlsruhe,https://www.jamitlabs.com
Jane Street,EC2M 4UJ London,
Jedermann-Verlag GmbH,69123 Heidelberg,
JetBrains,14000 Prague,https://www.jetbrains.com/
Jette Leonhardt AG,76131 Karlsruhe,
Jobvector - science career center,40591 Düsseldorf,
"Joint Research Center for Nuclear Safety and Security, European Commission",76344 Eggenstein-Leopoldshafen,
Josef Witt GmbH,92637 Weiden,https://karriere.witt-gruppe.eu/
juna.ai GmbH,10435 Berlin,
junaspin GmbH,76327 Pfinztal,https://www.junaspin.de
Jungheinrich AG,50226 Frechen,
Justin Stindt Consultants,78100 St Germain en Laye,
K - Mail Order GmbH & Co. KG,75177 Pforzheim,https://www.klingel-gruppe.de/freie-traineeprogamme/
K7 Immobilien,76135 Karlsruhe,
KA-RaceIng,76131 Karlsruhe,https://www.ka-raceing.de
Kabamba Aerospace GmbH,68723 Schwetzingen,
Kamaro Engineering e.V.,76131 Karlsruhe,https://kamaro.kit.edu
Kardex Software GmbH,76761 Rülzheim,https://www.kardex.com
KARL STORZ SE & Co. KG,78532 Tuttlingen,https://www.karlstorz.com/de/de/index.htm
Karl Strohmaier GmbH Kies- und Betonwerke,79395 Neuenburg am Rhein,
Karlshochschule International University,76133 Karlsruhe,
Karlsruher Institut für Technologie - Gründerschmiede,76133 Karlsruhe,https://kit-gruenderschmiede.de
Karlsruher Institut für Technologie - Karlsruhe House of Young Scientists (KHYS),76131 Karlsruhe,https://www.khys.kit.edu
Karlsruher Institut für Technologie - Personalentwicklung und berufliche Ausbildung (PEBA),76344 Eggenstein-Leopoldshafen,https://www.kit.edu/karriere
Karlsruher SC GmbH & Co. KGaA,76131 Karlsruhe,
Karlsruher Verkehrs Verbund GmbH (KVV),76131 Karlsruhe,
KASTO Maschinenbau GmbH & Co. KG,77855 Achern,https://www.kasto.com
Kaufland,74172 Neckarsulm,https://www.kaufland.de/arbeitgeber
Kautex Textron GmbH & Co. KG,53229 Bonn,https://www.kautex.com
Kautex Textron GmbH & Co. KG,Bonn 53229,
KEK - Karlsruher Energie- und Klimaschutzagentur gGmbH,76133 Karlsruhe,https://www.kek-karlsruhe.de
Kemény Boeheme Consultants SE,81673 München,https://kbc-consultants.com/
Kendrion (Villingen) GmbH,78048 Villingen-Schwenningen,https://www.kendrion.com
Kerntechnische Entsorgung Karlsruhe GmbH,76344 Eggenstein-Leopoldshafen,https://www.kte-karlsruhe.de/startseite
Kessler + Co. GmbH & Co. KG,73453 Abtsgmünd,
Keyence Deutschland GmbH,60549 Frankfurt am Main,https://www.keyence.de/career/kit2025
Keysight Technologies,71034 Böblingen,https://www.keysight.com
KfW Bankengruppe,60325 Frankfurt am Main,
Kistler Instrumente GmbH,71063 Sindelfingen,
KIT-Career-Service,76131 Karlsruhe,
Klarna Bank AB (publ),831 90 Östersund,https://www.klarna.com
Klarsolar GmbH,69126 Heidelberg,
Kleemann GmbH,73037 Göppingen,
Klima Arena,74889 Sinsheim,https://www.klima-arena.de
KLiNGEL Gruppe,75177 Pforzheim,https://www.klingel-gruppe.de
Klingel Verwaltung OHG,76133 Karlsruhe,https://www.klingelgruppe.de
Klinger und Partner Ingenieurbüro für Bauwesen und Umwelttechnik GmbH,70499 Stuttgart,
KMT Köhnlein Messtechnik GmbH,71701 Schwieberdingen,
Knuddels GmbH & Co. KG,76133 Karlsruhe,https://jobs.knuddels.de
Konzept Informationssysteme GmbH,88709 Meersburg,https://www.konzept-is.de
KOSTAL,58513 Lüdenscheid,https://www.kostal-karriere.com
Köster GmbH,49080 Osnabrück,
KPMG AG Wirtschaftsprüfungsgesellschaft,10785 Berlin,https://karriere.kpmg.de/
KPS AG,85774 Unterföhring,https://www.kps.com
Kramer-Werke GmbH,88630 Pfullendorf,https://www.kramer-online.com
KREMPEL GmbH,71665 Vaihingen an der Enz,https://krempel.com/de
Krummlauf Teske Happold Architekten BDA,74076 Heilbronn,https://www.kth-architekten.de
KTC-Karlsruhe Technology Consulting GmbH,76137 Karlsruhe,https://www.ktc.de
KTG Karlsruhe Tourismus GmbH,76133 Karlsruhe,https://www.karlsruhe-erleben.de/ktg/ueber-uns
KU Leuven,3000 Leuven,
Kuhn Decker GmbH & Co. KG,71063 Sindelfingen,https://www.kuhndecker.de/
KUKA,86165 Augsburg,https://www.kuka.jobs
Kulturbühne Karlsruhe GmbH,76131 Karlsruhe,https://www.kulturbuehne-karlsruhe.de
Kuraray Europe GmbH,65795 Hattersheim,
KÜS e.V.,66679 Losheim am See,https://www.kues.de
KVBW Kommunaler Versorgungsverband Baden-Württemberg,76131 Karlsruhe,
L'Oréal Deutschland GmbH,76187 Karlsruhe,https://careers.loreal.com
L'Oréal Produktion Deutschland GmbH & Co. KG,76187 Karlsruhe,https://www.loreal.de
L'Tur Tourismus AG,76530 Baden-Baden,https://www.ltur.com
L-Bank Staatsbank für Baden-Württemberg,76113 Karlsruhe,https://www.l-bank.info
Lab14 GmbH,69124 Heidelberg,
LANCOM Systems GmbH,52146 Würselen,https://www.lancom-systems.de
Landesanstalt für Umwelt Baden-Württemberg,76185 Karlsruhe,https://lubw.baden-wuerttemberg.de
Landesbank Baden-Württemberg,70173 Stuttgart,https://www.lbbw.de
Landeskriminalamt Baden-Württemberg,70372 Stuttgart,
Landratsamt Calw,75365 Calw,
Landratsamt Heilbronn,74072 Heilbronn,
Landratsamt Karlsruhe,76133 Karlsruhe,
Landratsamt Ortenaukreis,77652 Offenburg,https://stellenangebote.ortenaukreis.de/Jobs
Landratsamt Rottweil,"78628 Rottweil, Germany",https://www.landkreis-rottweil.de/
Lang & Cie. Real Estate AG,60329 Frankfurt am Main,https://www.langundcie.de
LANG Bau GmbH & Co. KG,76275 Ettlingen,https://bau-lang.de/
Laserbeam.tech,75045 Walzbachtal,https://www.laserbeam.tech
Lauer & Weiss GmbH,70736 Fellbach,https://www.lauer-weiss.de
Lawo AG,76437 Rastatt,https://www.lawo.com
LEA Partners,76227 Karlsruhe,
LEAN,76131 Karlsruhe,https://www.lean-hsg.de
Leclanché GmbH,77731 Willstätt,https://www.leclanche.com/
"Lehrstuhl für Systemverfahrenstechnik, TU München",85354 Freising,https://www.wzw.tum.de/svt
Leitwerk AG,77767 Appenweier,https://www.qfox.de
LeitWerk Südwest GmbH,70174 Stuttgart,
LEONHARD WEISS GmbH & Co. KG,74589 Satteldorf,https://www.leonhard-weiss.de/
LEONHARD WEISS GmbH & Co. KG,74589 Satteldorf,https://www.leonhard-weiss.de
Lerntreff Klapper + Stögbauer,76275 Ettlingen,https://www.nachhilfe-lerntreff.de
Leuze electronic GmbH & Co. KG,73277 Owen,https://www.leuze.de/karriere
LF Consult GmbH,70192 Stuttgart,https://www.lfconsult.de
Lidl Dienstleistungen GmbH  Co. KG,74206 Bad Wimpfen,https://www.jobs.lidl.de
Liebherr Verzahntechnik GmbH,76275 Ettlingen,https://www.liebherr.com
Liebherr-Hydraulikbagger GmbH,88457 Kirchdorf,
Liebherr-International Deutschland GmbH,88400 Biberach/Riß,https://www.liebherr.com
LIGARO GmbH,30167 Hannover,
LILY Labs GmbH,67065 Ludwigshafen am Rhein,https://lilylabs.io
LINCK Holzverarbeitungstechnik GmbH,77704 Oberkirch,
Lindauer Nobelpreisträgertagungen,88131 Lindau,
Lio Technologies GmbH,80335 München,
Litherm Technologies GmbH,38855 Wernigerode,https://litherm.com/home
Littelfuse,68623 Lampertheim,
LKP Ingenieure GbR,73557 Mutlangen,
LKP Ingenieure GbR,73557 Mutlangen,
Loady GmbH,68163 Mannheim,https://loady.com
logicline,71063 Sindelfingen,https://www.logicline.de
Lorenz Snack-World,63263 Neu-Isenburg,
Loy & Hutz Solutions GmbH,79110 Freiburg,https://www.loyhutz.de/
LPN Tiefbau GmbH,76829 Landau in der Pfalz,https://www.lpn-tiefbau.de
LS telcom AG,77839 Lichtenau,https://www.lstelcom.com
Lufthansa Group,60546 Frankfurt,
Lufthansa Innovation Hub,10119 Berlin,
M Plan GmbH,70499 Stuttgart-Weilimdorf,https://www.m-plan.com
"M-Five GmbH Mobility, Futures, Innovation, Economics",76137 Karlsruhe,https://www.M-Five.de
M2P Consulting GmbH,60323 Frankfurt,https://www.m2p.net
Mable GmbH,76133 Karlsruhe,https://mable.ai
maexpartners GmbH,40474 Düsseldorf,https://www.maex-partners.com
Magazino GmbH,80687 München,https://www.magazino.eu
Magazino GmbH,80687 München,https://www.magazino.eu
Magna International,80807 München,
Magna Powertrain,74199 Untergruppenbach,https://www.magna.com
Magna Steyr Engineering Germany GmbH,80807 München,https://magna.com
MAHLE,70376 Stuttgart,https://www.jobs.mahle.com
MAHLE International GmbH,70376 Stuttgart,https://www.mahle.com
Malao,81671 München,https://www.malao.com
MAN Truck & Bus,80995 München,https://www.man-karriere.eu
MANN Management GmbH,76137 Karlsruhe,
MANN+HUMMEL GMBH,71636 Ludwigsburg,https://www.mann-hummel.com
manu dextra GmbH,90491 Nürnberg,https://www.manu-dextra.com
Manz AG,72768 Reutlingen,https://www.manz.com
MAPAL WWS GmbH & Co. KG,75179 Pforzheim,https://www.mapal.com
marbis GmbH,76185 Karlsruhe,https://nitrado.net/
Markant,77656 Offenburg,https://www.markant.com
MARKT-PILOT GmbH,70174 Stuttgart,https://www.markt-pilot.com/de/
Mars GmbH,27283 Verden,https://www.mars.de
Marshall Wace Asset Management,SW1X 9AT London,https://www.mwam.com/
Marvell Semiconductor Germany GmbH,76275 Ettlingen,https://www.marvell.com
Materna Information & Communications SE,44141 Dortmund,https://www.materna.de
Max Wild GmbH,88450 Berkheim,https://www.maxwild.com
Maxauer Papierfabrik GmbH,76187 Karlsruhe,
maxon motor GmbH,79350 Sexau,https://www.maxongroup.de
mayato,10117 Berlin,https://www.mayato.com
MCKINSEY & COMPANY,50670 Köln,
Medialesson GmbH,75172 Pforzheim,https://www.medialesson.de
medicalvalues,76131 Karlsruhe,
medpex Versandapotheke,67063 Ludwigshafen,https://www.medpex.de
Meer & Schopa Kickstart GbR,50859 Köln,https://www.lets-kickstart.de
MEGAFORCE Bühnen- und Veranstaltungstechnik GmbH,76356 Weingarten,https://www.megaforce.de
meHRsalz GmbH & Co. KGaA,76135 Karlsruhe,https://mehrsalz.de/
Meissner Bolte Patentanwälte Rechtsanwälte Partnerschaft mbB,80538 München,https://www.mb.de
MEONDI GmbH,70567 Stuttgart,https://www.meondi.com/
Mercedes AMG GmbH,71563  Affalterbach,
Mercedes-Benz AG,70327 Stuttgart,
Mercedes-Benz Tech Innovation GmbH,89081 Ulm,
Merck,64293 Darmstadt,
merz kley partner,76135 Karlsruhe,https://www.mkp-ing.com
metaphacts GmbH,69190 Walldorf,https://metaphacts.com/
Method Park Holding AG,91058 Erlangen,
MGRP GmbH,74564 Crailsheim,https://mg-rp.com
MHP - A Porsche Company,71638 Ludwigsburg,https://www.mhp.com/de/home/
MHP Management- und IT-Beratung GmbH,71638 Ludwigsburg,
Mi-Jack Europe GmbH,76135 Karlsruhe,https://mi-jackeurope.com/
Michelin Reifenwerke AG & Co. KGaA,60549 Frankfurt am Main,http://jobs.michelin.de
Microsoft Deutschland,80807 München,
Miele & Cie.KG,33332 Gütersloh,https://www.miele.de
mindsquare AG,"33602 Bielefeld, Deutschland",
Mineraloelraffinerie Oberrhein GmbH & Co. KG (MiRO),76187 Karlsruhe,https://www.miro-ka.de
Ministerium für Verkehr,70173 Stuttgart,https://vm.baden-wuerttemberg.de/de/service/stellen-und-ausbildung/strassenbaure
Ministerium für Verkehr Baden-Württemberg,70173 Stuttgart,
Minth Group,85716 Unterschleißheim,
MKY Global Forwarding,30-730 Krakow,https://www.mkyglobalforwarding.com
MLP Finanzberatung SE,69168 Wiesloch,https://www.mlp.de
mm-lab GmbH,70806 Kornwestheim,https://www.mmlab.de
mobilion.eu,76131 Karlsruhe,https://www.mobilion.eu
MOBIS Parts Europe N.V.,65936 Frankfurt am Main,http://www.mobistc-europe.com/
MoleSense,1066 Epalinges,
Molex Deutschland GmbH,69190 Walldorf,https://koch.avature.net/en_US/molexeceprogram
Monolithic Power Systems,77955 Ettenheim,https://www.monolithicpower.com/
MÖRK GmbH & Co. KG,71229 Leonberg,https://www.moerk.de
MOS-Glaretec GmbH,75389 Neuweiler,
Motherson SAS,76187 76187 Karlsruhe,
MPDV Mikrolab GmbH,74821 Mosbach,
msg life AG,70771 Leinfelden-Echterdingen,https://msg-insurit.com/de/
msg systems ag,85737 Ismaning,https://karriere.msg.group/
MSW & Partner Personalberatung für Führungsnachwuchs GmbH,68766 Hockenheim,https://www.career-venture.de/
MTS Mobile Tiefbau Saugsysteme GmbH,76726 Germersheim,
MTU Aero Engines AG,80995 München,https://www.mtu.de/de/
much. GmbH,80807 München,https://muchconsulting.com/
MULAG Fahrzeugwerk Heinz Wössner GmbH u. Co. KG,77728 Oppenau,https://www.mulag.com
Murrelektronik GmbH,71570 Oppenweiler,https://www.murrelektronik.com/de/
Mussler Cosmetic Production GmbH,76534 Baden-Baden,https://www.mussler.de
MVV Energie AG,68159 Mannheim,https://www.mvv.de/karriere
n-komm GmbH,76135 Karlsruhe,https://n-komm.de
Nanoscribe GmbH & Co. KG,76344 Eggenstein-Leopoldshafen,https://www.nanoscribe.com
nanoshape GmbH,76131 Karlsruhe,https://nanoshape.de/
Nationale Forschungsdateninfrastruktur (NFDI) e.V.,76131 Karlsruhe,https://www.nfdi.de/
Nationales Institut für Wissenschaftskommunikation gGmbH (NaWik),76131 Karlsruhe,https://www.nawik.de
Natuvion GmbH,69190 Walldorf,https://www.natuvion.com/de/
NDT Global GmbH,76297 Stutensee,https://www.ndt-global.com/career
Nebula,80333 Munich,
NEC Laboratories Europe GmbH,69115 Heidelberg,https://www.neclab.eu/
Neff GmbH,75015 Bretten,https://www.neff.de
Nemko GmbH,76327 Pfinztal,http://www.nemko.com/de
Neobotix GmbH,74080 Heilbronn,https://www.neobotix-roboter.de
Nesto Software GmbH,76131 Karlsruhe,https://www.nesto-software.de
Netlution GmbH,68163 Mannheim,
newboxes GmbH,88045 Friedrichshafen,https://www.newboxes.com
Nexontis Consulting GmbH,69190 Walldorf,
neXus Technology GmbH,76275 Ettlingen,https://www.nexusgroup.com
Nomos Verlagsgesellschaft mbH & Co. KG,76530 Baden-Baden,
Nopex GmbH,76227 Karlsruhe,
Northrop Grumman LITEF GmbH,79115 Freiburg,
Notion Systems GmbH,68723 Schwetzingen,https://www.notion-systems.com
NovaTec Consulting GmbH,70771 Leinfelden-Echterdingen,https://www.novatec-gmbh.de
Noxon GmbH,80992 Munich,
NTT DATA Deutschland GmbH,81677 München,
O2 Shop Karlsruhe Dulacher Center,76137 Karsruhe,
OBC One Global Logistics Ltd.,5280 Paralimni,https://obc-one.com/de/
Oberfinanzdirektion Karlsruhe - Landeszentrum für Datenverarbeitung (LZfD),76133 Karlsruhe,http://www.ofd-karlsruhe.de
OBERMEYER Infrastruktur GmbH & Co. KG,80686 München,https://obermeyer-group.com
Objektkultur Software GmbH,76133 Karlsruhe,https://www.objektkultur.de
OC&C Strategy Consultants,80539 München,https://www.occstrategy.com/de/
OC&C Strategy Consultants GmbH,40221 Düsseldorf,https://www.occstrategy.de
Ocedo GmbH,76133 Karlsruhe,https://www.ocedo.com
ODDO BHF,60323 Frankfurt am Main,
ODDO BHF SE,60329 Frankfurt am Main,https://www.oddo-bhf.com
Oettinger Tief- und Straßenbau GmbH,76163 Malsch,https://oettinger.group/
OHF Hafen- und Flussbau GmbH,76474 Au am Rhein,https://www.ohf-wasserbau.de
OHMYCAD,75009 Paris,https://ohmycad.com/
OMMAX GmbH,80539 Munich,https://www.ommax.com/de/
OMP,2160 Wommelgem,
OPASCA GmbH,68167 Mannheim,https://www.opasca.com
Orise,67071 Ludwigshafen,
osapiens GmbH,68163 Mannheim,
OSRAM Global Shared Services,60-324 Pznan,
OTEC Präzisionsfinish GmbH,75334 Straubenhardt,
Otto-Friedrich-Universität Bamberg Lehrstuhl Multimodal Intelligent Interaction,96047 Bamberg,
"ox8 Corporate Finance, Corporate Finance, ox8",60327 Frankfurt am Main,
oxando GmbH,68163 Mannheim,https://www.oxando.com
P+L Hoffbauer & Co. GmbH,40470 Düsseldorf,https://www.pl-hoffbauer.de
P3,70191 Stuttgart,https://www.p3-group.com
PACE Mobility GmbH,76131 Karlsruhe,https://pace.cloud/
PACE Telematics GmbH,76131 Karlsruhe,https://www.pace.car
Palas GmbH,76187 Karlsruhe,https://www.palas.de
Papendorf IT Services GmbH,71139 Ehningen,
Parker Hannifin Manufacturing Germany GmbH & Co KG,77656 Offenburg,
PAYTO Technologies UG,72631 Aichtal,
PC Schmiede GmbH & Co. KG,76571 Gaggenau,https://pcschmiede.de/
PD – Berater der öffentlichen Hand GmbH,10117 Berlin,https://www.pd-g.de/karriere/
Peek & Cloppenburg KG,40212 Düsseldorf,https://karriere.peek-cloppenburg.de
Penta-Electric GmbH,79639 Grenzach-Wyhlen,https://www.Penta-Electric.de
Pentasys AG,80686 München,https://www.pentasys.de/
PERI GmbH,89264 Weissenhorn,https://www.peri.com
PERI SE,89264 Weißenhorn,
Peter Gross Bau Holding GmbH,66386 St. Ingbert,https://www.gross-bau.de; www.gross-karriere-machen.de
Peter Huber Kältemaschinenbau SE,77656 Offenburg,https://www.huber-online.com/
Pfaudler GmbH,68753 Waghäusel,https://gmmpfaudler.com
Pfiffikus - Lernen macht stark,76684 Östringen,https://www.pfiffikus.com
Pfinder KG,71032 Böblingen,
Phanofi,2800 Kongens Lyngby,
Pharmaplan AG,4054 Basel,https://www.pharmaplan.com
Phi Partners,EN5 4SZ Barnet,
phi-consulting GmbH,44801 Bochum,
Philips GmbH Market DACH,22335 Hamburg,https://www.philips.de/karriere
Philips Medizin Systeme Böblingen GmbH,71034 Böblingen,http://www.philips.de/
Phorms Baden-Württemberg gemeinnützige GmbH,74235 Erlenbach,https://jss-erlenbach.phorms.de/de/frontpage/
Photargo GmbH,76149 Karlsruhe,https://www.photargo.de
Physik Instrumente (PI) GmbH & Co. KG,76228 Karlsruhe,https://www.pi.de
Pilz GmbH & Co. KG,73760 Ostfildern,https://www.pilz.de/karriere
Pink Event Service GmbH & Co. KG,76327 Pfinztal,
PIRMIN JUNG Deutschland GMBH,53424 Remagen,https://www.pirminjung.de
Piterion GmbH,85737 Ismaning,
Pixida Group,80805 München,https://www.pixida.com/
PK Elektronik Vertriebs GmbH,76275 Ettlingen,
PKS Software GmbH,88214 Ravensburg,
Planersocietät,44263 Dortmund,https://www.planersocietaet.de
Plumino Precision Fermentation Europe GmbH,40211 Düsseldorf,
PMP Projektmanagement GmbH,30966 Hemmingen,
POET GmbH,76227 Karlsruhe,https://www.poet.de
Pointsharp GmbH,79102 Freiburg im Breisgau,https://pointsharp.jobs.personio.de/
Polizeipräsidium Offenburg,77654 Offenburg,
ponturo consulting AG,60329 Frankfurt am Main,https://www.ponturo.com/de/karriere
Porsche Digital,72644 Ludwigsburg,https://www.porsche-digital.de
Porsche Lifestyle GmbH & Co. KG,71636 Ludwigsburg,
Power Plus Communications AG (PPC),68167 Mannheim,https://www.ppc-ag.de
powercloud GmbH,77855 Achern,
Precision Labs GmbH,80335 München,https://precision-food.com/
Precitec GmbH & Co. KG,76571 Gaggenau,
Prefiro GmbH,76356 Weingarten (Baden),
PricewaterhouseCoopers GmbH,40474 Düsseldorf,https://www.pwc.de/karriere
Primus Gbr,76351 Linkenheim,https://www.primus-gesundheitszentrum.de
PROCAD GmbH & Co.KG,76131 Karlsruhe,https://www.pro-file.com
PRODYNA,65760 Eschborn,https://www.prodyna.com
Prof. Breitling,72202 Nagold,
PROMATIS software GmbH,76275 Ettlingen,https://www.promatis.de
PROMATIS software GmbH,76275 Ettlingen,https://promatis.com/de/
ProMinent GmbH,69123 Heidelberg,https://www.prominent.de/de/
PROSTEP AG,64293 Darmstadt,https://www.prostep.com
Protektorwerk Florenz Maisch GmbH & Co. KG,76571 Gaggenau,
Protiviti GmbH,60325 Frankfurt am Main,
Pryvet UG (haftungsbeschränkt),77767 Appenweier,
PTV Group,76131 Karlsruhe,https://www.ptvgroup.com/de/karriere/
PTW Freiburg GmbH,79115 Freiburg im Breisgau,
PULSGETRIEBE Gear Systems GmbH,76227 Karlsruhe,https://www.pulsgetriebe.de/
PwC Strategy& (Germany) GmbH,40211 Düsseldorf,https://www.strategyandyou.pwc.com/gsa
QAware,81549 München,https://www.qaware.de
QAware GmbH,81549 München,https://www.qaware.de
Qognify GmbH,76646 Bruchsal,https://www.hxgnsecurity.com
Qudosoft GmbH & Co. KG,10119 Berlin,
querdenker engineering GmbH,77743 Neuried,http://querdenkerengineering.io/
R+V Allgemeine Versicherung AG,76135 Karlsruhe,https://www.ruv.de/karriere/karrierelevel/schueler/duales-studium
R. Zens GmbH,76287 76287 Rheinstetten,https://www.rzens.de
r2b-student,76133 Karlsruhe,https://www.r2b-student.de/karlsruhe
RA Consulting GmbH,76646 Bruchsal,https://www.rac.de
race result AG,76327 Pfinztal,https://www.raceresult.de
Rad und Tat Fahrradhandlung GmbH,76133 Karlsruhe,https://www.radundtat.net
Ramboll Deutschland GmbH,22763 Hamburg,https://www.ramboll.com/
RapidEdge Technology GmbH,31683 Obernkirchen,
Rapp Industrieplaner,4018 Basel,https://www.rapp.ch
RaumFabrik Durlach,76227 Karlsruhe,
RBS wave GmbH,76275 Ettlingen,https://www.rbs-wave.de/
REALTECH Services,69190 Walldorf,https://www.realtech.de/karriere
Red Bull,5061 Elsbethen,
REDUR GmbH & Co. KG,52382 Niederzier,
Regierungspräsidium Freiburg,79114 Freiburg im Breisgau,https://rpf.baden-wuerttemberg.de/
Regierungspräsidium Karlsruhe,76131 Karlsruhe,https://rp.baden-wuerttemberg.de/rpk/Seiten/default.aspx
Regierungspräsidium Stuttgart,70565 Stuttgart,https://rp.baden-wuerttemberg.de/rps/
REIF Bauunternehmung GmbH & Co. KG,76437 Rastatt,https://www.reif-bau.de
RELEX Solutions GmbH,65185 Wiesbaden,
Rement GmbH,76131 Karlsruhe,
Renner Hainke Wirth Zirn Architekte,22767 Hamburg,https://www.rhwzarchitekten.de
Reply Deutschland SE,33334 Gütersloh,https://careers.reply.de
Restube GmbH,76327 Pfinztal,https://www.restube.com
Rhein-Neckar-Verkehr,68165 Mannheim,https://www.rnv-online.de
Rheinmetall AG,40476 Düsseldorf,https://www.rheinmetall.com
RHEOO GmbH,76344 Eggenstein-Leopoldshafen,
Rhomberg Sersa Vossloh GmbH,54343 Föhren,https://rsv.gmbh/
Richard Wolf GmbH,75438 Knittlingen,https://jobs@richard.wolf.com
Risiq GmbH,68165 Mannheim,https://risiq.de
Ritzenhoefer GmbH,40212 Düsseldorf,https://ritzenhoefer.com/
Riverbed Technology Labs GmbH,76133 Karlsruhe,https://www.riverbed.com
Riverty Group GmbH,76532 Baden-Baden,https://www.innovateyourself.de
Rivian and Volkswagen Group Technologies Germany GmbH,10245 Berlin,https://rivianvw.tech/
Robert Bosch Automotive Steering GmbH,73527 Schwäbisch Gmünd,https://www.bosch-automotive-steering.com
Robert Bosch GmbH,77815 Bühl,https://www.bosch.com
Robert Bosch GmbH,76227 Karlsruhe,https://www.bosch.de
Robert Bosch GmbH,70839 Gerlingen,https://www.bosch.de/karriere
robodev GmbH,76135 Karlsruhe,https://www.robodev.eu
ROBUSTA-GAUKEL GmbH & Co.KG,71263 Weil der Stadt,
Roche,4070 Basel,https://careers.roche.com
Roche Diagnostics GmbH,82377 Penzberg,
Rockwell Automation,40468 Duesseldorf,
ROHDE & SCHWARZ,81671 München,https://www.careers.rohde-schwarz.com
Röhm GmbH,64295 Darmstadt,https://www.roehm.com
Roland Berger Holding GmbH,80538 München,https://www.join.rolandberger.com
Rolls-Royce Deutschland Ltd & Co. KG,15827 Blankenfelde-Mahlow,http://www.rolls-royce.com/careers/
Rolls-Royce Power Systems AG,88045 Friedrichshafen,https://www.mtu-solutions.com/eu/de.html
Röm.-kath. Kirchengemeinde Herz Jesu Pforzheim,75175 Pforzheim,https://kath-pforzheim.de
Romaco Pharmatechnik GmbH,76227 Karlsruhe,https://www.romaco.com
Rommelag Engineering,76133 Karlsruhe,
RONAL Technologie GmbH,76694 Forst,https://www.ronalgroup.com
ROSEN Group,49811 Lingen (Ems),http://www.rosen-group.com/
ROSEN Technology and Research Center GmbH,49811 Lingen (Ems),https://www.rosen-group.com
rosslight GmbH,76131 Karlsruhe,https://engineering.rosslight.de
Rothbaum Consulting Engineers GmbH,20354 Hamburg,
Roto Frank AG,70771 Leinfelden-Echterdingen,http://ftt.roto-frank.com/de/karriere/
RSM Ebner Stolz Wirtschaftsprüfer Steuerberater Rechtsanwälte Partnerschaft mbB,70174 Stuttgart,
Ruland Engineering & Consulting GmbH,67435 Neustadt,
Rutronik Elektronische Bauelemente GmbH,75228 Ispringen,http://www.rutronik-careers.com
RWE Supply & Trading,45141 Essen,https://rwestcareers.com/de/home-de/
SafeAD GmbH,76131 Karlsruhe,https://www.safead.de
Safetec GmbH,69123 Heidelberg,https://www.safetec-strahlenschutz.de/
safeTrail GmbH,76133 Karlsruhe,https://www.safetrail.de
SALT AND PEPPER Technology GmbH & Co. KG,70563 Stuttgart,https://www.salt-and-pepper.eu
SAMSUNG SDI Europe GmbH,85737 Ismaning,https://samsungsdieurope.com/
sander.hofrichter architekten GmbH,67071 Ludwigshafen,https://www.a-sh.de/
Santa Claus,76131 Karlsruhe,
Santander Consumer Bank AG,41061 Mönchengladbach,
SAP SE,69190 Walldorf,https://www.sap.com/careers
SAP SE,69190 Walldorf,
Sarahs Test GmbH,76137 Karlsruhe,
SAT Kerntechnik GmbH,67547 Worms,https://www.spie-sat.de/
sbp se,70197 Stuttgart,
SCANLAB GmbH,82178 Puchheim,https://www.scanlab.de
Schaeffler Gruppe,91074 Herzogenaurach,https://www.schaeffler.de/karriere
Schaeffler Hub for Advanced Research am Karlsruher Institut für Technologie,76131 Karlsruhe,
Scheer Group,66123 Saarbrücken,https://www.scheer-group.com/
SCHIRN KUNSTHALLE FRANKFURT,60325 Frankfurt am Main,https://www.schirn.de
Schleith GmbH Baugesellschaft,79761 Waldshut-Tiengen,https://www.schleith.de
Schleupen SE,73275 Ettlingen,
SCHLUCHSEEWERK AKTIENGESELLSCHAFT,79725 Laufenburg,https://www.Schluchseewerk.de
Schneeberger GmbH,75339 Höfen,https://www.schneeberger.com/de/de/
Schneider Electric GmbH,40880 Ratingen,
SCHNEPF Planungsgruppe Energietechnik GmbH & Co. KG,72202 Nagold,
Schnetzer Puskas Ingenieure AG,4010 Basel,
Schöck Bauteile GmbH,76534 Baden-Baden,https://www.schoeck.de/karriere
SCHOEPS Mikrofone GmbH,76227 Karlsruhe,https://www.schoeps.de
SCHOTT AG,79379 Müllheim,
Schuler Pressen GmbH,73033 Göppingen,
Schuler Pressen GmbH,73033 Göppingen,https://www.schulergroup.com/karriere
Schulz Flexgroup GmbH,76532 Baden-Baden,https://www.schulz-flexgroup.de/
Schunk Dienstleistungsgesellschaft mbH,35452 Heuchelheim,https://www.schunk-career.com
SCHUNK GmbH & Co. KG,74348 Lauffen am Neckar,https://www.schunk.com/karriere
"Schwab, die Stuckateure",76337 Waldbronn,
Schwäbischer Turnerbund e.V.,70372 Stuttgart,https://www.stb.de/
Schwarz Dienstleistung KG,74172 Neckarsulm,
Schwarz IT KG,74172 Neckarsulm,
Schweizer Electronic AG,78713 Schramberg,https://www.schweizer.ag
SCMT GmbH,70794 Filderstadt,https://www.scmt.com
SEEBURGER AG,75015 Bretten,https://www.seeburger.de
Seifert Logistics Group,89081 Ulm,
SEITENBAU GmbH,78467 Konstanz,https://www.seitenbau.com/
Senacor Technologies AG,90489 Nürnberg,https://www.senacor.com
Senacor Technologies AG,65760 Eschborn,https://senacor.com/people-and-culture/
Senja Laensioe - Säätiö sr,41330 Laukaa,
Sensirion AG,70839 Gerlingen,https://sensirion-automotive.com/
SensoPart Industriesensorik GmbH,79288 Gottenheim,
Serco Services GmbH,64293 Darmstadt,https://www.serco.com/eu
SERO GmbH & Co. KG,76865 Rohrbach,https://www.sero.de
Serviscope AG,76227 Karlsruhe,https://www.serviscope.de
SEW-EURODRIVE GmbH & Co KG,76646 Bruchsal,https://www.sew-eurodrive.de/karriere
Shell,22335 Hamburg,https://www.shell.de/careers
Shimadzu Deutschland GmbH,47269 Duisburg,
SICK,79183 Waldkirch,https://www.sick.com
SICK AG,79183 Waldkirch,https://www.sick.com
SICK AG,79183 Waldkirch,https://www.sick.com/de/de/
Siemens AG,80333 München,https://www.siemens.de
Siemens Energy Global GmbH & Co. KG,91058 Erlangen,https://www.siemens-energy.com/global/en
SIG Sales GmbH & Co. KG,76275 Ettlingen,https://sigeurope.de/
Simon Hegele Gesellschaft für Logistik und Service mbH,76131 Karlsruhe,
Simon-Kucher & Partners GmbH,53113 Bonn,https://www.simon-kucher.com
SinoJobs GmbH,60329 Frankfurt,https://www.sinojobs.com/
Sirona Dental Systems GmbH,64625 Bensheim,https://www.dentsplysirona.com/de
SIVIS GmbH,76187 Karlsruhe,https://www.sivis.com/karriere
SMA und Partner AG,8050 Zürich,https://www.sma-partner.com
Smart Digital GmbH,70839 Gerlingen,https://www.smart-digital.de/karriere/
SMARTCRM GmbH,76870 Kandel,
smarthouse adesso financial solutions GmbH,76131 Karlsruhe,https://www.smarthouse.de
Smateso GmbH,76131 Karlsruhe,https://smateso.com
SMIGHT GmbH,76185 Karlsruhe,
SMP Deutschland GmbH,79268 Bötzingen,https://www.smp-automotive.com
SOBEK Motorsport GmbH,69493 Hirschberg an der Bergstraße,https://www.sobek-group.de
Softwarehelden GmbH,70567 Stuttgart,https://www.softwarehelden.com
Solexperts GmbH,76131 Karlsruhe,https://www.solexperts.com/de/marken/gtc-kappelmeyer
Solites - Steinbeis Innovation gGmbH,70563 Stuttgart,https://www.solites.de
soltic AG,4052 Basel,https://www.soltic.ch
Sophos GmbH,76227 Karlsruhe,https://www.sophos.com
Sopra Banking Software GmbH,70771 Leinfelden-Echterdingen,https://www.soprabanking.com
Sopra Steria SE,22085 Hamburg,https://careers.soprasteria.de
sovanta AG,69115 Heidelberg,http://www.sovanta.com
Sovendus GmbH,76137 Karlsruhe,https://www.sovendus.com
SPECTRUM AG,70565 Stuttgart,https://www.spectrum-ag.de/jobs/
Spitzmüller,77723 Gengenbach,https://www.spitzmueller.de
Sportgemeinschaft Karlsruhe e.V.,76187 Karlsruhe,https://www.sg-ka.de
Staatliche Hochschule für Gestaltung Karlsruhe,76135 Karlsruhe,https://hfg-karlsruhe.de/
Staatliche Kunsthalle Karlsruhe,76135 Karlsruhe,https://www.kunsthalle-karlsruhe.de/
Staatliche Vermögens- und Hochbauverwaltung,70173 Stuttgart,https://www.vbv.baden-wuerttemberg.de/Karriere
Staatliches Museum für Naturkunde,76133 Karlsruhe,
Stadt Bamberg,96047 Bamberg,https://www.stadt.bamberg.de/stellenangebote
Stadt Eislingen/Fils,73054 Eislingen/Fils,https://www.eislingen.de
Stadt Heidelberg,69117 Heidelberg,https://www.heidelberg.de/arbeitgeberin
Stadt Karlsruhe - Wissenschaftsbüro,76133 Karlsruhe,
Stadt Karlsruhe Wirtschaftsförderung India Board,76133 76133 KARLSRUHE,https://india-karlsruhe.com
Stadt Rastatt,76437 Rastatt,https://www.rastatt.de/rathaus-und-politik/karriere/aktuelle-stellenangebote
Stadt Sutensee,76297 Stutensee,https://www.stutensee.de/willkommen
Stadt Ulm,89073 Ulm,
Stadt Wendlingen am Neckar,73240 Wendlingen am Neckar,https://www.wendlingen.de
Städtisches Klinikum Karlsruhe gGmbH,76133 Karlsruhe,https://www.klinikum-karlsruhe.de
"Stadtverwaltung Karlsruhe, Amt für Stadtentwicklung, 76124 Karlsruhe",76133 Karlsruhe,https://www.karlsruhe.de
Stadtverwaltung Oberndorf a. N.,78727 Oberndorf am Neckar,
Stadtverwaltung Stutensee,76297 Stutensee,
Stadtverwaltung Weingarten,88250 Weingarten,https://www.stadt-weingarten.de
Stadtwerke Karlsruhe GmbH,76185 Karlsruhe,https://www.stadtwerke-karlsruhe.de/de/
Stahl+Weiß PartGmbB,79100 Freiburg,
STARFACE GmbH,76133 Karlsruhe,https://www.starface.com/
Staufen AG,73257 Köngen,https://www.staufen.ag
Steinbeis Transferzentrum Tribologie,76133 Karlsruhe,https://www.steinbeis-analysezentrum.com
StepStone Deutschland GmbH,40219 Düsseldorf,https://www.stepstone.de
Stiftung Deutsches Optisches Museum,07745 Jena,https://deutsches-optisches-museum.de/
Stiftung Wissen+Kompetenzen,76131 Karlsruhe,
STÖBER Antriebstechnik GmbH + Co. KG,75177 Pforzheim,
Stocard GmbH,68163 Mannheim,https://www.stocard.de
STOPA Anlagenbau GmbH,77855 Achern-Gamshurst,https://www.stopa.com/de/karriere
Storch und Beller & Co GmbH,76189 Karlsruhe,
STP Informationstechnologie AG,76135 Karlsruhe,https://www.stp-online.de
STRATEC Biomedical AG,75217 Birkenfeld,https://www.stratec.com
STRATEC SE,75217 Birkenfeld,https://www.stratec.com/home
StructureCraft,V2T 6B1 Abbotsford,https://structurecraft.com
Stryker,79111 Freiburg,https://www.stryker.de
Studenten für Kinder Karlsruhe e.V.,76131 Karlsruhe,https://www.studentenfuerkinder.de
Studentenring,95448 Bayreuth,https://karlsruhe.studentenring.de/jobs
Studentisches Kulturzentrum am Karlsruher Institut für Technologie (KIT) gGmbH,76131 Karlsruhe,
STUDENTpartout GmbH,86156 Augsburg,https://www.studentpartout.de/personalservice/
Studierendenwerk Karlsruhe AöR,76131 Karlsruhe,
Stuttgarter Straßenbahnen AG,70565 Stuttgart,
Südwestrundfunk,70190 Stuttgart,https://www.swr.de
SÜSS MicroTec SE,Sternenfels 75447,https://www.suss.com/de
SUSS MicroTec Solutions GmbH & Co. KG.,75447 Sternenfels,https://www.suss.com
SV Informatik GmbH,70376 Stuttgart,https://www.sv-informatik.de
SV SparkassenVersicherung,70376 Stuttgart,https://www.sv-karriere.de
Swoboda Wiggensbach KG,87487 Wiggensbach,
SWR - Südwestrundfunk,70190 Stuttgart,https://www.swr.de
Symbios Funding & Consulting GmbH,76448 Durmersheim,https://symbios-funding.com
Synpulse Deutschland GmbH,40219 Düsseldorf,https://www.synpulse.com
synyx GmbH & Co. KG,76135 Karlsruhe,https://synyx.de/
syracom AG,65205 Wiesbaden,https://www.SYRACOM.de
TAISC - The AI Software Company GmbH,76131 Karlsruhe,https://theaisoftwarecompany.com
Tata Consultancy Services,60308 Frankfurt am Main,https://tcs-karriere.de/
TBZ GmbH,75015 Bretten,https://www.tbz-fahrzeugbau.de
TDK-Micronas GmbH,79108 Freiburg im Breisgau,https://www.micronas.tdk.com/de
Teach First Deutschland gGmbH,70174 Stuttgart,https://www.teachfirst.de
TeamBau - Ingenieurbüro für Bauwesen PartGmbB,9 76887,https://www.teambau.de
teamtechnik Maschinen und Anlagen GmbH,71691 Freiberg a. N.,https://www.teamtechnik.com
TeamViewer Germany GmbH,76227 Karlsruhe,https://www.teamviewer.com
Tebis AG,82152 Martinsried/ Planegg,https://www.tebis.com
tech-solute GmbH,76646 Bruchsal,https://www.tech-solute.de
TechniData IT AG,76131 Karlsruhe,
Technische Universität Chemnitz,09111 Chemnitz,
TechnologieRegion Karlsruhe GmbH,76131 Karlsruhe,https://technologieregion-karlsruhe.de
Technology and Strategy,67000 STRASBOURG,http://www.technologyandstrategy.com/?lang=de
techtrust.ai,76185 Karlsruhe,https://techtrust.ai
TECOSIM GmbH,65187 Wiesbaden,
TECOSIM Technische Simulation GmbH,65187 Wiesbaden,
Telemotive AG,73347 Mühlhausen im Täle,https://www.telemotive.de
TenneT TSO GmbH,95448 Bayreuth,https://www.tennet.eu
Terex Corporation,66482 Zweibrücken,https://www.terex.de/karriere
terrain: intergal designs BDA,80331 Munich,https://www.terrain.eco
tesa Werk Offenburg GmbH,77652 Offenburg,
Tesat-Spacecom,71522 Backnang,https://www.tesat.de
Tesla Grohmann Automation,54595 Prüm,https://www.teslagrohmannautomation.de
Testfirma Klag,76344 Eggenstein-Leopoldshafen,
Testo Industrial Services GmbH,79199 Kirchzarten,https://www.testotis.de
Texas Instruments Deutschland GmbH,85356 Freising,https://ti.com/students
Thales Deutschland GmbH,71254 Ditzingen,
Think Ahead Technologies GmbH,70178 Stuttgart,
think-cell,10117 Berlin,https://www.think-cell.com/career
THOST Projektmanagement GmbH,75179 Pforzheim,https://thost.de/karriere/
thyssenkrupp,45143 Essen,https://www.thyssenkrupp.com
thyssenkrupp Management Consulting,45143 Essen,https://www.thyssenkrupp-management-consulting.com/de/startpage.html
ti&m AG,8048 Zürich,
Tiki Beach Club,"000000 Bwejuu, Sansibar",https://www.tikibeachzanzibar.com/
time4you GmbH communication & learning,76133 Karlsruhe,https://www.time4you.de
TinniT Technologies GmbH,76131 Karlsruhe,https://www.tinnit.de/
Tipico Technology Services GmbH,76227 Karlsruhe,https://www.tipico-careers.com
TiWi Solutions GmbH,76726 Germersheim,
TKI Automotive GmbH,85080 Gaimersheim,http://tki-automotive.de/
TLA Foundation,76137 Karlsruhe,https://www.tla-foundation.com
tmax  Germany,68169 Mannheim,
TNG Technology Consulting GmbH,85774 Unterföhring,https://www.tngtech.com
Tonbeller AG,64625 Bensheim,
TransnetBW GmbH,70173 Stuttgart,https://www.transnetbw.de/karriere
TransportTechnologie-Consult Karlsruhe GmbH,76131 Karlsruhe,https://www.ttk.de
trend factory marketing und veranstaltungs GmbH,78628 Rottweil,https://www.trendfactory.com/
Trivadis GmbH,70565 Stuttgart,https://www.trivadis.com
Trocknerheld Wasserschadensanierung GmbH,13507 Berlin - Reinickendorf,https://trocknerheld.de
TRUMPF Laser GmbH,78713 Schramberg,http://www.trumpf.com/
TRUMPF SE + Co. KG,71254 Ditzingen,https://www.trumpf.com
Truuco GmbH,60311 Frankfurt,https://www.truuco.de/
Tschach Solutions GmbH,76133 Karlsruhe,https://analytics.icis.com/
TSV Calw v. 1846 e.V.,75365 Calw,
TTK GmbH,76131 Karlsruhe,
TTS GmbH,69115 Heidelberg,
TTS Tooltechnic Systems AG & Co. KG,73240 Wendlingen,https://www.festool-group.com/
TUP GmbH & Co. KG,76297 Stutensee,https://www.tup.com
Turba AI GmbH,69181 Leimen,https://turba.ai
TÜV SÜD Industrie Service GmbH,76199 Karlsruhe,https://www.tuvsud.com/de-de
TÜV Thüringen e.V.,99099 Erfurt,
two4science GmbH,64297 Darmstadt,
TWT Digital Health,69123 Heidelberg,https://www.twt-digital-health.de
TWT GmbH Science & Innovation,70565 Stuttgart,https://www.twt-gmbh.de
TZW: DVGW-Technologiezentrum Wasser,76139 Karlsruhe,
U.I. Lapp GmbH,70565 Stuttgart,https://www.lapp.com/de/de/
UDG United Digital Group,55120 Mainz,
Uhl Windkraft Projektierung GmbH & Co. KG,73479 Ellwangen,https://www.uhl-windkraft.de
UHU GmbH & Co. KG,77815 Bühl (Baden),http://www.uhu.com/uhu-gmbh-co-kg.html
understand.ai,76227 Karlsruhe,
Unic GmbH,76133 Karlsruhe,https://www.unic.com
Unicum Marketing GmbH,44789 Bochum,https://www.unicum-marketing.de/
Unilever Deutschland Holding GmbH,20457 Hamburg,https://www.unilever.de
Unisensor Sensorsysteme GmbH,76149 Karlsruhe,https://www.unisensor.de
Uniserv,75179 Pforzheim,https://www.uniserv.com
United Internet AG,76137 Karlsruhe,https://www.united-internet.de/jobs-karriere/
United Internet AG,76137 Karlsruhe,
UNITY AG,33142 Büren,https://unity.de
univativ,76133 Karlsruhe,https://www.univativ.de
Universitätsklinikum Heidelberg | Institut für Medizinische Informatik,69120 Heidelberg,https://www.ukhd.de/mi
UTILIGENCE GmbH,68167 Mannheim,
Vaeridion,81669 München,https://vaeridion.com
VAG-Armaturen,68305 Mannheim,https://www.VAG-Armaturen.com
valantic NXT GmbH,70173 Stuttgart,https://www.valantic.com
Valeo Schalter und Sensoren GmbH  / Valeo Deutschland,74321 Bietigheim-Bissingen,https://www.valeo-karriere.de
ValueWorks GmbH,76131 Karlsruhe,
Vanessa Tadic GmbH,767131 Karlsruhe,
Vanguard Automation GmbH,76185 Karlsruhe,
Vanilla Steel GmbH,10435 Berlin,https://www.vanillasteel.com
VARTA AG Group,73479 Ellwangen,https://www.varta-ag.com/de/
vasQlab,76344 Eggenstein-Leopoldshafen,
VBL. Versorgungsanstalt des Bundes und der Länder,76133 Karlsruhe,https://www.vbl.de
VCS Vision Control Solutions GmbH,76307 Karlsbad,
VDE Hochschulgruppe Karlsruhe,76133 Karlsruhe,https://www.vde-karlsruhe.de
Vector Informatik GmbH,70499 Stuttgart,https://jobs.vector.com/
VEGA Grieshaber KG,77761 Schiltach,https://www.vega.com
VEHICO GmbH,38118 Braunschweig,https://www.vehico.com
Venneos GmbH,70569 Stuttgart,
ventum consulting GmbH & Co. KG,80797 München,http://www.ventum-consulting.com/
Verein für Hochschulkontakte e.V. (VHK),74906 Bad Rappenau,https://www.vhk-ev.de
Verivox GmbH,69123 Heidelberg,
Verlag Ernst Kaufmann GmbH,77933 Lahr,https://www.kaufmann-verlag.de
"Vermögen und Bau Baden-Württemberg, Amt Karlsruhe",76131 Karlsruhe,
Veselcic Bauengineering,76137 Karlsruhe,
Viamedici Deutschland GmbH,76275 Ettlingen,https://viamedici.com/de/
VIAVI Solutions GmbH,72800 Eningen unter Achalm,https://www.viavisolutions.com
Viessmann Group,10117 Berlin,
ViGEM GmbH,76185 Karlsruhe,https://www.vigem.de
Vincent Systems GmbH,76131 Karlsruhe,https://www.vincentsystems.de/
Vinesia sàrl,6947 Niederanven,https://vinesia.com
virtual7 GmbH,76227 Karlsruhe,http://www.virtual7.de/
Vishay Semiconductor GmbH,74072 Heilbronn,
Visteon Electronics Germany GmbH,76227 Karlsruhe,https://visteon.com
VISTRA Ing.-Büro,76187 Karlsruhe,https://www.vistra.eu
vitagroup ag,68165 Mannheim,https://www.vitagroup.ag/
VITAL Zahnärzte,76133 Karlsruhe,https://www.vital-zahnaerzte.de/karlsruhe
VIVAVIS AG,76275 Ettlingen,https://www.vivavis.com
VMT GmbH,76646 Bruchsal,https://www.vmt-gmbh.de
Voice Excellence,"76297 Stutensee, Baden-Württembe",https://www.wiebke-huhs.de
Volkswagen Aktiengesellschaft,38436 Wolfsburg,https://www.volkswagen-consulting.de
Volkswagen Group Consulting,38442 Wolfsburg,https://www.volkswagen-consulting.de
Volocopter GmbH,76646 Bruchsal,https://volocopter.com
Volt Fraktion Karlsruhe,76131 Karlsruhe,https://volt-ka.de/
Voxalytic,76228 Karlsruhe,https://www.voxalytic.com/
VPATH AI GmbH,48157 Münster,https://www.vpathai.com
VR Payment GmbH,60528 Frankfurt am Main,https://www.vr-payment.de
vRP von Rekowski und Partner mbB Ingenieurbüro für Bauphysik,69469 Weinheim,https://www.rekowski.de/index.html
VTU Engineering Deutschland GmbH,65795 Hattersheim,https://www.vtu.com
W Power GmbH,68753 Waghäusel,https://www.wpower.eco
Wacker Chemie AG,81737 München,https://www.wacker.com
WALLSEC GmbH,69190 Walldorf,https://www.wallsec.de
WaSe7 GmbH,76227 Karlsruhe,https://warmupserver.net
wat Ingenieurgesellschaft mbH,76135 Karlsruhe,
"wbk Institut für Produktionstechnik, CS",76131 Karlsruhe,
Web Computing GmbH,48149 Münster,
Weber Ultrasonics AG,76307 Karlsbad,https://www.weber-ultrasonics.com
Weber-Ingenieure GmbH,75177 Pforzheim,https://weber-ing.de
Weinhaus Dörflinger GmbH,76131 Karlsruhe,https://weinhausdoerflinger.de/
weisenburger bau gmbh,76437 Rastatt,https://www.meine-weisenburger-karriere.de
weisenburger bau GmbH,76131 Karlsruhe,https://www.weisenburger.de/
weisenburger bau GmbH,76131 Karlsruhe,https://www.weisenburger.de
Welectron,76137 Karlsruhe,https://www.welectron.com
Werner Sobek Green Technologies GmbH,69469 Weinheim,https://www.wernersobek.com/de/
WEROCK Technologies GmbH,75173 Pforzheim,https://www.werocktools.com
Westernacher Business Management Consulting GmbH,69123 Heidelberg,
Wibu Systems AG,76137 Karlsruhe,https://www.wibu.com
WidasConcepts GmbH,71299 Wimsheim,https://www.widas.de
WIELAND,75179 Pforzheim,https://www.wieland-edelmetalle.de/
Wieland-Werke AG,89079 Ulm,https://www.wieland-karriere.com
wikendu GmbH & Co. KG,65760 Eschborn,http://www.wikendu.de/
Wildzeit GmbH,79115 Baden-Württemberg - Freiburg,https://wildzeit.org
Wilhelm Layher GmbH & Co KG,74363 Güglingen-Eibensbach,https://www.layher.com
WILIEPRO Wiesenborn & Knutzen eGbR,42719 Solingen,https://www.wir-lieben-prozesse.com
Wille Engineering,65795 Hattersheim am Main (Eddersheim),https://www.wille-engineering.com/
Wirtschaftsforum Donnersberger Land,67292 Kirchheimbolanden,https://www.wirtschaftsforum-donnersberg.de
Wirtschaftsregion Heilbronn-Franken GmbH,74076 Heilbronn,https://www.platzfüroriginale.de
"Witte, Weller & Partner Patentanwälte mbB",70173 Stuttgart,https://www.wwp.de
Witzenmann,75175 Pforzheim,https://www.witzenmann.de
WMF Group GmbH,73312 Geislingen/Steige,
Woco Industrietechnik GmbH,63628 Bad Soden-Salmünster,
Woodfert,26-050 Zagnańsk,https://de.woodfert.eu/
Workwise GmbH,76133 Karlsruhe,
World Fund,10115 Berlin,
WPW GEO.INGENIEURE GmbH,66115 Saarbrücken,https://www.wpw-geoing.de
Wulle-Lichti-Walz gmbH,74821 Mosbach,
"Wulle-Lichti-Walz GmbH, 74821 Mosbach",74821 Mosbach,
Würth Elektronik eiSos GmbH & Co. KG,74638 Waldenburg,https://www.we-online.com/karriere
Würth IT GmbH,97980 Bad Mergenth,http://www.wuerth-it.com
Württembergischer Leichtathletik-Verband e.V.,70372 Stuttgart,https://www.wlv-sport.de/
Wüstenrot & Württembergische Gruppe,71638 Ludwigsburg,https://www.ww-ag.com/de/karriere
Xandor Automotive Germany GmbH,76532 Baden-Baden,https://www.xandor.com
Xenium,80637 München,https://www.xenium.com/
XEPTUM Consulting AG,74172 Neckarsulm,https://www.xeptum.com
xft GmbH,69190 Walldorf,http://www.xft.com
XITASO GmbH,86153 Augsburg,https://xitaso.com/
XLCloud GmbH,76133 Karlsruhe,https://jobs.xlcloud.com/
xPLM Solution GmbH,68519 Viernheim,https://www.xplm.de
Yatta Solutions GmbH,60325 Frankfurt a.M.,https://yatta.de
Yelp,20354 Hamburg,https://yelp.com/careers
yildiz technical university,34500 istanbul,
ZAG Zyklotron AG,76344 Eggenstein-Leopoldshafen,https://www.zyklotron-ag.de/
Zalando SE,10243 Berlin,https://jobs.zalando.de
zeb consulting,48153 Münster,https://www.zeb-career.com/de
ZECH Hochbau AG,70191 Stuttgart,https://www.zech-hochbau.de/
ZEISS Gruppe,73447 Oberkochen,https://www.zeiss.de/karriere
Zenkit,76133 Karlsruhe,
Zentralkommission für die Rheinschifffahrt,67082 Strasbourg,
ZERNA Baumanagement GmbH,44801 Bochum,
ZETCON Ingenieure GmbH,44803 Bochum,https://zetcon.de
ZF Friedrichshafen AG,88038 Friedrichshafen,https://www.zf.com/career
ZF Group,40547 Düsseldorf,https://www.zf.com
ZHAW - Zürcher Hochschule für Angewandte Wissenschaften,8400 Winterthur,
ZIEHL-ABEGG SE,74653 Künzelsau,https://www.ziehl-abegg.de
Zielpuls GmbH,80807 München,https://www.zielpuls.com
Zimmermann-Brase + Partner Steuerberatungsgesellschaft mbB,76327 Pfinztal,https://www.zimmermann-brase-partner.de
Zink Ingenieure GmbH,77886 Lauf,https://www.zink-ingenieure.de
ZITiS - Zentrale Stelle für Informationstechnik im Sicherheitsbereich,81677 München,https://www.zitis.bund.de
ZKM | Zentrum für Kunst und Medientechnologie Karlsruhe,76135 Karlsruhe,
ZTM Bad Kissingen GmbH,76133 Karlsruhe,https://www.ztm.de
Zürcher Bau GmbH,77974 Meißenheim,
Zweckverband Regional-Stadtbahn Neckar-Alb,72116 Mössingen,
Zymo Research GmbH Europe,79110 Freiburg,
ZYTOLabor Karlsruhe Dr. Matthes,76287 Rheinstetten,https://zytolabor-karlsruhe.de/
