source_id,company_name,entity_id,entity_name,relation,website_url,website_claim_rank,identity_score,eligible_for_enrichment,ineligible_reason,method,evidence_url,osm_source_url
node/4825818954,Greenpeace Karlsruhe,Q81307,Q81307,brand,https://www.greenpeace.org/international/,normal,1.0,True,,osm_brand_wikidata_p856,https://www.wikidata.org/wiki/Q81307,https://www.openstreetmap.org/node/4825818954
node/5209292392,erste reserve,Q56292847,Jobcenter,brand,https://www.jobcenter-ge.de/,normal,0.0,False,,osm_brand_wikidata_p856,https://www.wikidata.org/wiki/Q56292847,https://www.openstreetmap.org/node/5209292392
node/9369517965,IG BAU Mitgliederbüro Karlsruhe,Q896472,IG Bauen-Agrar-Umwelt,brand,https://www.igbau.de/,normal,1.0,True,,osm_brand_wikidata_p856,https://www.wikidata.org/wiki/Q896472,https://www.openstreetmap.org/node/9369517965
node/2998265443,Techniker Krankenkasse,Q607531,Techniker Krankenkasse,brand,https://www.tk.de/,normal,1.0,False,website_domain_already_mapped_in_osm,osm_brand_wikidata_p856,https://www.wikidata.org/wiki/Q607531,https://www.openstreetmap.org/node/2998265443
node/2998265443,Techniker Krankenkasse,Q607531,Techniker Krankenkasse,brand,https://www.tk.de/en,normal,1.0,False,website_domain_already_mapped_in_osm,osm_brand_wikidata_p856,https://www.wikidata.org/wiki/Q607531,https://www.openstreetmap.org/node/2998265443
node/11810464561,Helvetia,Q933766,Helvetia Versicherungen,brand,https://www.helvetia.com/corporate/content/de/home.html/,normal,1.0,False,website_domain_already_mapped_in_osm,osm_brand_wikidata_p856,https://www.wikidata.org/wiki/Q933766,https://www.openstreetmap.org/node/11810464561
node/11810464561,Helvetia,Q933766,Helvetia Versicherungen,brand,https://www.helvetia.es/,normal,1.0,False,non_german_country_domain,osm_brand_wikidata_p856,https://www.wikidata.org/wiki/Q933766,https://www.openstreetmap.org/node/11810464561
node/11810464561,Helvetia,Q933766,Helvetia Versicherungen,brand,https://www.helvetia.it,normal,1.0,False,non_german_country_domain,osm_brand_wikidata_p856,https://www.wikidata.org/wiki/Q933766,https://www.openstreetmap.org/node/11810464561
node/10900306486,Stadt Karlsruhe,Q1040,Karlsruhe,operator,https://www.karlsruhe.de/,preferred,0.0,False,operator_domain_already_mapped_in_osm,osm_operator_wikidata_p856,https://www.wikidata.org/wiki/Q1040,https://www.openstreetmap.org/node/10900306486
node/10900306486,Stadt Karlsruhe,Q1040,Karlsruhe,operator,http://www.stadt-karlsruhe.de/,normal,1.0,False,wikidata_website_has_deprecation_qualifier,osm_operator_wikidata_p856,https://www.wikidata.org/wiki/Q1040,https://www.openstreetmap.org/node/10900306486
node/13696583156,KKH Kaufmännische Krankenkasse,Q2740121,Kaufmännische Krankenkasse,brand,https://www.kkh.de/,normal,1.0,True,,osm_brand_wikidata_p856,https://www.wikidata.org/wiki/Q2740121,https://www.openstreetmap.org/node/13696583156
way/109764370,Haus Solms,,,osm_url_tag,http://ka.stadtwiki.net/Palais_Solms,,0.0,False,,osm_url_name_match,https://www.openstreetmap.org/way/109764370,https://www.openstreetmap.org/way/109764370
relation/1551481,Agentur für Arbeit,Q1478016,Bundesagentur für Arbeit,brand,https://www.arbeitsagentur.de/,normal,1.0,False,website_domain_already_mapped_in_osm,osm_brand_wikidata_p856,https://www.wikidata.org/wiki/Q1478016,https://www.openstreetmap.org/relation/1551481
relation/1551481,Agentur für Arbeit,Q1478016,Bundesagentur für Arbeit,brand,https://www.arbeitsagentur.de/en,normal,1.0,False,website_domain_already_mapped_in_osm,osm_brand_wikidata_p856,https://www.wikidata.org/wiki/Q1478016,https://www.openstreetmap.org/relation/1551481
relation/1551481,Agentur für Arbeit,Q1478016,Bundesagentur für Arbeit,brand,https://www.arbeitsagentur.de/ar/homepage,normal,1.0,False,website_domain_already_mapped_in_osm,osm_brand_wikidata_p856,https://www.wikidata.org/wiki/Q1478016,https://www.openstreetmap.org/relation/1551481
node/12988498440,Sozial- und Jugendbehörde,Q1040,Karlsruhe,operator,https://www.karlsruhe.de/,preferred,0.0,False,operator_domain_already_mapped_in_osm,osm_operator_wikidata_p856,https://www.wikidata.org/wiki/Q1040,https://www.openstreetmap.org/node/12988498440
node/12988498440,Sozial- und Jugendbehörde,Q1040,Karlsruhe,operator,http://www.stadt-karlsruhe.de/,normal,0.0,False,wikidata_website_has_deprecation_qualifier,osm_operator_wikidata_p856,https://www.wikidata.org/wiki/Q1040,https://www.openstreetmap.org/node/12988498440
node/3074620171,Ralf Gurock,Q487292,Allianz SE,brand,https://www.allianz.com/,preferred,0.0,False,,osm_brand_wikidata_p856,https://www.wikidata.org/wiki/Q487292,https://www.openstreetmap.org/node/3074620171
node/3074620171,Ralf Gurock,Q487292,Allianz SE,brand,https://www.allianz.fr,normal,0.0,False,non_german_country_domain,osm_brand_wikidata_p856,https://www.wikidata.org/wiki/Q487292,https://www.openstreetmap.org/node/3074620171
node/3074620171,Ralf Gurock,Q487292,Allianz SE,brand,https://www.allianz.com.tr/,normal,0.0,False,non_german_country_domain,osm_brand_wikidata_p856,https://www.wikidata.org/wiki/Q487292,https://www.openstreetmap.org/node/3074620171
node/3074620171,Ralf Gurock,Q487292,Allianz SE,brand,https://www.allianz.es/,normal,0.0,False,non_german_country_domain,osm_brand_wikidata_p856,https://www.wikidata.org/wiki/Q487292,https://www.openstreetmap.org/node/3074620171
node/3074620171,Ralf Gurock,Q487292,Allianz SE,brand,https://www.allianz.de/,normal,0.0,False,,osm_brand_wikidata_p856,https://www.wikidata.org/wiki/Q487292,https://www.openstreetmap.org/node/3074620171
node/3074620171,Ralf Gurock,Q487292,Allianz SE,brand,https://ageallianz.it/,normal,0.0,False,non_german_country_domain,osm_brand_wikidata_p856,https://www.wikidata.org/wiki/Q487292,https://www.openstreetmap.org/node/3074620171
node/3074620171,Ralf Gurock,Q487292,Allianz SE,brand,https://www.allianz.hu/,normal,0.0,False,non_german_country_domain,osm_brand_wikidata_p856,https://www.wikidata.org/wiki/Q487292,https://www.openstreetmap.org/node/3074620171
node/3074620171,Ralf Gurock,Q487292,Allianz SE,brand,https://www.allianz.pt/,normal,0.0,False,non_german_country_domain,osm_brand_wikidata_p856,https://www.wikidata.org/wiki/Q487292,https://www.openstreetmap.org/node/3074620171
node/3074620171,Ralf Gurock,Q487292,Allianz SE,brand,https://www.allianz.it/,normal,0.0,False,non_german_country_domain,osm_brand_wikidata_p856,https://www.wikidata.org/wiki/Q487292,https://www.openstreetmap.org/node/3074620171
node/3074620171,Ralf Gurock,Q487292,Allianz SE,brand,https://www.allianz.cz/,normal,0.0,False,non_german_country_domain,osm_brand_wikidata_p856,https://www.wikidata.org/wiki/Q487292,https://www.openstreetmap.org/node/3074620171
node/814646760,R+V Versicherungen,Q2123778,R+V Versicherung,brand,https://www.ruv.de/,normal,0.0,False,website_domain_already_mapped_in_osm,osm_brand_wikidata_p856,https://www.wikidata.org/wiki/Q2123778,https://www.openstreetmap.org/node/814646760
node/9070530368,Allianz,Q487292,Allianz SE,brand,https://www.allianz.com/,preferred,1.0,True,,osm_brand_wikidata_p856,https://www.wikidata.org/wiki/Q487292,https://www.openstreetmap.org/node/9070530368
node/9070530368,Allianz,Q487292,Allianz SE,brand,https://www.allianz.fr,normal,1.0,False,non_german_country_domain,osm_brand_wikidata_p856,https://www.wikidata.org/wiki/Q487292,https://www.openstreetmap.org/node/9070530368
node/9070530368,Allianz,Q487292,Allianz SE,brand,https://www.allianz.com.tr/,normal,1.0,False,non_german_country_domain,osm_brand_wikidata_p856,https://www.wikidata.org/wiki/Q487292,https://www.openstreetmap.org/node/9070530368
node/9070530368,Allianz,Q487292,Allianz SE,brand,https://www.allianz.es/,normal,1.0,False,non_german_country_domain,osm_brand_wikidata_p856,https://www.wikidata.org/wiki/Q487292,https://www.openstreetmap.org/node/9070530368
node/9070530368,Allianz,Q487292,Allianz SE,brand,https://www.allianz.de/,normal,1.0,True,,osm_brand_wikidata_p856,https://www.wikidata.org/wiki/Q487292,https://www.openstreetmap.org/node/9070530368
node/9070530368,Allianz,Q487292,Allianz SE,brand,https://ageallianz.it/,normal,1.0,False,non_german_country_domain,osm_brand_wikidata_p856,https://www.wikidata.org/wiki/Q487292,https://www.openstreetmap.org/node/9070530368
node/9070530368,Allianz,Q487292,Allianz SE,brand,https://www.allianz.hu/,normal,1.0,False,non_german_country_domain,osm_brand_wikidata_p856,https://www.wikidata.org/wiki/Q487292,https://www.openstreetmap.org/node/9070530368
node/9070530368,Allianz,Q487292,Allianz SE,brand,https://www.allianz.pt/,normal,1.0,False,non_german_country_domain,osm_brand_wikidata_p856,https://www.wikidata.org/wiki/Q487292,https://www.openstreetmap.org/node/9070530368
node/9070530368,Allianz,Q487292,Allianz SE,brand,https://www.allianz.it/,normal,1.0,False,non_german_country_domain,osm_brand_wikidata_p856,https://www.wikidata.org/wiki/Q487292,https://www.openstreetmap.org/node/9070530368
node/9070530368,Allianz,Q487292,Allianz SE,brand,https://www.allianz.cz/,normal,1.0,False,non_german_country_domain,osm_brand_wikidata_p856,https://www.wikidata.org/wiki/Q487292,https://www.openstreetmap.org/node/9070530368
node/11214296100,Sozial- und Jugendbehörde,Q1040,Karlsruhe,operator,https://www.karlsruhe.de/,preferred,0.0,False,operator_domain_already_mapped_in_osm,osm_operator_wikidata_p856,https://www.wikidata.org/wiki/Q1040,https://www.openstreetmap.org/node/11214296100
node/11214296100,Sozial- und Jugendbehörde,Q1040,Karlsruhe,operator,http://www.stadt-karlsruhe.de/,normal,0.0,False,wikidata_website_has_deprecation_qualifier,osm_operator_wikidata_p856,https://www.wikidata.org/wiki/Q1040,https://www.openstreetmap.org/node/11214296100
way/134547166,VBK - Betriebshof Ost,Q644958,Verkehrsbetriebe Karlsruhe,operator,https://www.vbk.info/,normal,1.0,False,operator_domain_already_mapped_in_osm,osm_operator_wikidata_p856,https://www.wikidata.org/wiki/Q644958,https://www.openstreetmap.org/way/134547166
node/13015831942,Onur Icel,Q487292,Allianz SE,brand,https://www.allianz.com/,preferred,0.0,False,,osm_brand_wikidata_p856,https://www.wikidata.org/wiki/Q487292,https://www.openstreetmap.org/node/13015831942
node/13015831942,Onur Icel,Q487292,Allianz SE,brand,https://www.allianz.fr,normal,0.0,False,non_german_country_domain,osm_brand_wikidata_p856,https://www.wikidata.org/wiki/Q487292,https://www.openstreetmap.org/node/13015831942
node/13015831942,Onur Icel,Q487292,Allianz SE,brand,https://www.allianz.com.tr/,normal,0.0,False,non_german_country_domain,osm_brand_wikidata_p856,https://www.wikidata.org/wiki/Q487292,https://www.openstreetmap.org/node/13015831942
node/13015831942,Onur Icel,Q487292,Allianz SE,brand,https://www.allianz.es/,normal,0.0,False,non_german_country_domain,osm_brand_wikidata_p856,https://www.wikidata.org/wiki/Q487292,https://www.openstreetmap.org/node/13015831942
node/13015831942,Onur Icel,Q487292,Allianz SE,brand,https://www.allianz.de/,normal,0.0,False,,osm_brand_wikidata_p856,https://www.wikidata.org/wiki/Q487292,https://www.openstreetmap.org/node/13015831942
node/13015831942,Onur Icel,Q487292,Allianz SE,brand,https://ageallianz.it/,normal,0.0,False,non_german_country_domain,osm_brand_wikidata_p856,https://www.wikidata.org/wiki/Q487292,https://www.openstreetmap.org/node/13015831942
node/13015831942,Onur Icel,Q487292,Allianz SE,brand,https://www.allianz.hu/,normal,0.0,False,non_german_country_domain,osm_brand_wikidata_p856,https://www.wikidata.org/wiki/Q487292,https://www.openstreetmap.org/node/13015831942
node/13015831942,Onur Icel,Q487292,Allianz SE,brand,https://www.allianz.pt/,normal,0.0,False,non_german_country_domain,osm_brand_wikidata_p856,https://www.wikidata.org/wiki/Q487292,https://www.openstreetmap.org/node/13015831942
node/13015831942,Onur Icel,Q487292,Allianz SE,brand,https://www.allianz.it/,normal,0.0,False,non_german_country_domain,osm_brand_wikidata_p856,https://www.wikidata.org/wiki/Q487292,https://www.openstreetmap.org/node/13015831942
node/13015831942,Onur Icel,Q487292,Allianz SE,brand,https://www.allianz.cz/,normal,0.0,False,non_german_country_domain,osm_brand_wikidata_p856,https://www.wikidata.org/wiki/Q487292,https://www.openstreetmap.org/node/13015831942
node/13015843515,Bayram Mansuroglu,Q487292,Allianz SE,brand,https://www.allianz.com/,preferred,0.0,False,,osm_brand_wikidata_p856,https://www.wikidata.org/wiki/Q487292,https://www.openstreetmap.org/node/13015843515
node/13015843515,Bayram Mansuroglu,Q487292,Allianz SE,brand,https://www.allianz.fr,normal,0.0,False,non_german_country_domain,osm_brand_wikidata_p856,https://www.wikidata.org/wiki/Q487292,https://www.openstreetmap.org/node/13015843515
node/13015843515,Bayram Mansuroglu,Q487292,Allianz SE,brand,https://www.allianz.com.tr/,normal,0.0,False,non_german_country_domain,osm_brand_wikidata_p856,https://www.wikidata.org/wiki/Q487292,https://www.openstreetmap.org/node/13015843515
node/13015843515,Bayram Mansuroglu,Q487292,Allianz SE,brand,https://www.allianz.es/,normal,0.0,False,non_german_country_domain,osm_brand_wikidata_p856,https://www.wikidata.org/wiki/Q487292,https://www.openstreetmap.org/node/13015843515
node/13015843515,Bayram Mansuroglu,Q487292,Allianz SE,brand,https://www.allianz.de/,normal,0.0,False,,osm_brand_wikidata_p856,https://www.wikidata.org/wiki/Q487292,https://www.openstreetmap.org/node/13015843515
node/13015843515,Bayram Mansuroglu,Q487292,Allianz SE,brand,https://ageallianz.it/,normal,0.0,False,non_german_country_domain,osm_brand_wikidata_p856,https://www.wikidata.org/wiki/Q487292,https://www.openstreetmap.org/node/13015843515
node/13015843515,Bayram Mansuroglu,Q487292,Allianz SE,brand,https://www.allianz.hu/,normal,0.0,False,non_german_country_domain,osm_brand_wikidata_p856,https://www.wikidata.org/wiki/Q487292,https://www.openstreetmap.org/node/13015843515
node/13015843515,Bayram Mansuroglu,Q487292,Allianz SE,brand,https://www.allianz.pt/,normal,0.0,False,non_german_country_domain,osm_brand_wikidata_p856,https://www.wikidata.org/wiki/Q487292,https://www.openstreetmap.org/node/13015843515
node/13015843515,Bayram Mansuroglu,Q487292,Allianz SE,brand,https://www.allianz.it/,normal,0.0,False,non_german_country_domain,osm_brand_wikidata_p856,https://www.wikidata.org/wiki/Q487292,https://www.openstreetmap.org/node/13015843515
node/13015843515,Bayram Mansuroglu,Q487292,Allianz SE,brand,https://www.allianz.cz/,normal,0.0,False,non_german_country_domain,osm_brand_wikidata_p856,https://www.wikidata.org/wiki/Q487292,https://www.openstreetmap.org/node/13015843515
way/134499590,VBK - Betriebshof Gerwigstraße,Q644958,Verkehrsbetriebe Karlsruhe,operator,https://www.vbk.info/,normal,1.0,False,operator_domain_already_mapped_in_osm,osm_operator_wikidata_p856,https://www.wikidata.org/wiki/Q644958,https://www.openstreetmap.org/way/134499590
node/9195617770,Lohnsteuerhilfe Baden-Württemberg,Q76215293,Lohnsteuerhilfe Baden-Württemberg,brand,https://www.lohi-bw.de/,normal,1.0,True,,osm_brand_wikidata_p856,https://www.wikidata.org/wiki/Q76215293,https://www.openstreetmap.org/node/9195617770
way/455891010,VBK - Bahnmeisterei & Bauhof,Q644958,Verkehrsbetriebe Karlsruhe,operator,https://www.vbk.info/,normal,1.0,False,operator_domain_already_mapped_in_osm,osm_operator_wikidata_p856,https://www.wikidata.org/wiki/Q644958,https://www.openstreetmap.org/way/455891010
node/11328328217,HUK-Coburg,Q1566111,HUK-Coburg,brand,https://www.huk.de,normal,1.0,True,,osm_brand_wikidata_p856,https://www.wikidata.org/wiki/Q1566111,https://www.openstreetmap.org/node/11328328217
node/9484024874,Gartenbauamt Spielanlagenunterhaltung,Q1040,Karlsruhe,operator,https://www.karlsruhe.de/,preferred,0.0,False,operator_domain_already_mapped_in_osm,osm_operator_wikidata_p856,https://www.wikidata.org/wiki/Q1040,https://www.openstreetmap.org/node/9484024874
node/9484024874,Gartenbauamt Spielanlagenunterhaltung,Q1040,Karlsruhe,operator,http://www.stadt-karlsruhe.de/,normal,0.0,False,wikidata_website_has_deprecation_qualifier,osm_operator_wikidata_p856,https://www.wikidata.org/wiki/Q1040,https://www.openstreetmap.org/node/9484024874
way/160832479,Hatz-Moninger Brauhaus,Q1589080,Hatz-Moninger Brauhaus,entity,https://www.moninger.de/,normal,1.0,True,,osm_entity_wikidata_p856,https://www.wikidata.org/wiki/Q1589080,https://www.openstreetmap.org/way/160832479
node/4405674847,Bundesamt für Migration und Flüchtlinge,Q1005470,Bundesamt für Migration und Flüchtlinge,entity,https://www.bamf.de/,preferred,1.0,True,,osm_entity_wikidata_p856,https://www.wikidata.org/wiki/Q1005470,https://www.openstreetmap.org/node/4405674847
node/4405674847,Bundesamt für Migration und Flüchtlinge,Q1005470,Bundesamt für Migration und Flüchtlinge,entity,http://bafl.de/,normal,1.0,True,,osm_entity_wikidata_p856,https://www.wikidata.org/wiki/Q1005470,https://www.openstreetmap.org/node/4405674847
node/13096764994,Bildung und Integration,Q627256,AWO Bundesverband,brand,https://www.awo.org/,normal,0.0,False,,osm_brand_wikidata_p856,https://www.wikidata.org/wiki/Q627256,https://www.openstreetmap.org/node/13096764994
node/13665841693,Debeka,Q1181452,Debeka,brand,https://www.debeka.de/,normal,1.0,True,,osm_brand_wikidata_p856,https://www.wikidata.org/wiki/Q1181452,https://www.openstreetmap.org/node/13665841693
way/1245534771,VBK - Betriebshof West II,Q644958,Verkehrsbetriebe Karlsruhe,operator,https://www.vbk.info/,normal,1.0,False,operator_domain_already_mapped_in_osm,osm_operator_wikidata_p856,https://www.wikidata.org/wiki/Q644958,https://www.openstreetmap.org/way/1245534771
way/4842209,VBK - Betriebshof West I,Q644958,Verkehrsbetriebe Karlsruhe,operator,https://www.vbk.info/,normal,1.0,False,operator_domain_already_mapped_in_osm,osm_operator_wikidata_p856,https://www.wikidata.org/wiki/Q644958,https://www.openstreetmap.org/way/4842209
relation/7906688,Rheinhafen,Q2147707,Rheinhäfen Karlsruhe,entity,http://www.rheinhafen.de/rheinhaefen-karlsruhe/,normal,1.0,True,,osm_entity_wikidata_p856,https://www.wikidata.org/wiki/Q2147707,https://www.openstreetmap.org/relation/7906688
relation/7906688,Rheinhafen,,,osm_url_tag,http://www.rheinhafen.de/,,1.0,True,,osm_url_name_match,https://www.openstreetmap.org/relation/7906688,https://www.openstreetmap.org/relation/7906688
node/4442791369,Agentur für Arbeit,Q1478016,Bundesagentur für Arbeit,brand,https://www.arbeitsagentur.de/,normal,1.0,False,website_domain_already_mapped_in_osm,osm_brand_wikidata_p856,https://www.wikidata.org/wiki/Q1478016,https://www.openstreetmap.org/node/4442791369
node/4442791369,Agentur für Arbeit,Q1478016,Bundesagentur für Arbeit,brand,https://www.arbeitsagentur.de/en,normal,1.0,False,website_domain_already_mapped_in_osm,osm_brand_wikidata_p856,https://www.wikidata.org/wiki/Q1478016,https://www.openstreetmap.org/node/4442791369
node/4442791369,Agentur für Arbeit,Q1478016,Bundesagentur für Arbeit,brand,https://www.arbeitsagentur.de/ar/homepage,normal,1.0,False,website_domain_already_mapped_in_osm,osm_brand_wikidata_p856,https://www.wikidata.org/wiki/Q1478016,https://www.openstreetmap.org/node/4442791369
way/257764228,Contargo Wörth-Karlsruhe GmbH,,,osm_url_tag,https://www.contargo.net,,1.0,True,,osm_url_name_match,https://www.openstreetmap.org/way/257764228,https://www.openstreetmap.org/way/257764228
way/309712354,DRK Ortsverein Hagenbach,Q694104,Deutsches Rotes Kreuz,brand,https://www.drk.de/,normal,1.0,True,,osm_brand_wikidata_p856,https://www.wikidata.org/wiki/Q694104,https://www.openstreetmap.org/way/309712354
way/309712354,DRK Ortsverein Hagenbach,Q694104,Deutsches Rotes Kreuz,brand,https://www.drk.de/en/,normal,1.0,True,,osm_brand_wikidata_p856,https://www.wikidata.org/wiki/Q694104,https://www.openstreetmap.org/way/309712354
node/13159956405,BGV,Q795911,BGV Badische Versicherungen,brand,https://www.bgv.de,normal,1.0,False,website_domain_already_mapped_in_osm,osm_brand_wikidata_p856,https://www.wikidata.org/wiki/Q795911,https://www.openstreetmap.org/node/13159956405
way/511354379,Gasübergabestelle Hardt-Nord,Q106571703,Netze-Gesellschaft Südwest,operator,https://www.netze-suedwest.de/,normal,0.0,False,,osm_operator_wikidata_p856,https://www.wikidata.org/wiki/Q106571703,https://www.openstreetmap.org/way/511354379
node/4086852009,LVM,Q1798429,LVM Versicherung,brand,https://www.lvm.de/,preferred,1.0,True,,osm_brand_wikidata_p856,https://www.wikidata.org/wiki/Q1798429,https://www.openstreetmap.org/node/4086852009
node/4086852009,LVM,Q1798429,LVM Versicherung,brand,https://agentur.lvm.de/,normal,1.0,False,website_domain_already_mapped_in_osm,osm_brand_wikidata_p856,https://www.wikidata.org/wiki/Q1798429,https://www.openstreetmap.org/node/4086852009
node/5209292395,Übersetzungsbüro BOZIG,,,osm_email_tag,https://web.de/,,0.0,False,free_email_provider,osm_email_domain_name_match,https://www.openstreetmap.org/node/5209292395,https://www.openstreetmap.org/node/5209292395
node/4793460912,MatSec Security & Transport GmbH,,,osm_email_tag,https://matsec-sec.de/,,0.5,False,email_domain_does_not_identify_candidate,osm_email_domain_name_match,https://www.openstreetmap.org/node/4793460912,https://www.openstreetmap.org/node/4793460912
node/4841370429,kr3m. media GmbH,,,osm_email_tag,https://kr3m.com/,,1.0,True,,osm_email_domain_name_match,https://www.openstreetmap.org/node/4841370429,https://www.openstreetmap.org/node/4841370429
node/13696583156,KKH Kaufmännische Krankenkasse,,,osm_email_tag,https://kkh.de/,,1.0,True,,osm_email_domain_name_match,https://www.openstreetmap.org/node/13696583156,https://www.openstreetmap.org/node/13696583156
node/5238637322,Gartenbauamt Bezirk Ost,,,osm_email_tag,https://gba.karlsruhe.de/,,0.0,False,email_domain_does_not_identify_candidate,osm_email_domain_name_match,https://www.openstreetmap.org/node/5238637322,https://www.openstreetmap.org/node/5238637322
node/4410545233,a3architekten,,,osm_email_tag,https://a3architekten.com/,,1.0,True,,osm_email_domain_name_match,https://www.openstreetmap.org/node/4410545233,https://www.openstreetmap.org/node/4410545233
node/13999845480,IWI International IT Business,,,osm_email_tag,https://h-ka.de/,,0.0,False,email_domain_does_not_identify_candidate,osm_email_domain_name_match,https://www.openstreetmap.org/node/13999845480,https://www.openstreetmap.org/node/13999845480
node/13999845481,IWI Data Science,,,osm_email_tag,https://h-ka.de/,,0.0,False,email_domain_does_not_identify_candidate,osm_email_domain_name_match,https://www.openstreetmap.org/node/13999845481,https://www.openstreetmap.org/node/13999845481
node/13999845479,IWI Wirtschaftsinformatik,,,osm_email_tag,https://h-ka.de/,,0.0,False,email_domain_does_not_identify_candidate,osm_email_domain_name_match,https://www.openstreetmap.org/node/13999845479,https://www.openstreetmap.org/node/13999845479
node/13999845478,IWI Informatik,,,osm_email_tag,https://h-ka.de/,,0.0,False,email_domain_does_not_identify_candidate,osm_email_domain_name_match,https://www.openstreetmap.org/node/13999845478,https://www.openstreetmap.org/node/13999845478
node/13999845476,EIT Elektrotechnik – Energietechnik und Erneuerbare Energien,,,osm_email_tag,https://h-ka.de/,,0.0,False,email_domain_does_not_identify_candidate,osm_email_domain_name_match,https://www.openstreetmap.org/node/13999845476,https://www.openstreetmap.org/node/13999845476
node/13999845477,IWI Medieninformatik,,,osm_email_tag,https://h-ka.de/,,0.0,False,email_domain_does_not_identify_candidate,osm_email_domain_name_match,https://www.openstreetmap.org/node/13999845477,https://www.openstreetmap.org/node/13999845477
node/3484748203,Versicherungsbüro Dr. Savas,,,osm_email_tag,https://online.de/,,0.0,False,email_domain_does_not_identify_candidate,osm_email_domain_name_match,https://www.openstreetmap.org/node/3484748203,https://www.openstreetmap.org/node/3484748203
node/10184443453,Rechtsanwaltskanzlei Riegel,,,osm_email_tag,https://kanzleiriegel.de/,,0.0,False,email_domain_does_not_identify_candidate,osm_email_domain_name_match,https://www.openstreetmap.org/node/10184443453,https://www.openstreetmap.org/node/10184443453
node/12988498440,Sozial- und Jugendbehörde,,,osm_email_tag,https://sjb.karlsruhe.de/,,0.0,False,email_domain_does_not_identify_candidate,osm_email_domain_name_match,https://www.openstreetmap.org/node/12988498440,https://www.openstreetmap.org/node/12988498440
node/9629083773,Dipl. Psych. Birgit Kaiser,,,osm_email_tag,https://t-online.de/,,0.0,False,free_email_provider,osm_email_domain_name_match,https://www.openstreetmap.org/node/9629083773,https://www.openstreetmap.org/node/9629083773
node/11349271931,R3DT GmbH,,,osm_email_tag,https://r3dt.com/,,1.0,True,,osm_email_domain_name_match,https://www.openstreetmap.org/node/11349271931,https://www.openstreetmap.org/node/11349271931
node/11349271920,Steinbeis-Beratungszentrum Unternehmensentwicklung und KI,,,osm_email_tag,https://stw.de/,,0.0,False,email_domain_does_not_identify_candidate,osm_email_domain_name_match,https://www.openstreetmap.org/node/11349271920,https://www.openstreetmap.org/node/11349271920
node/12106984312,Jelic,,,osm_email_tag,https://t-online.de/,,0.0,False,free_email_provider,osm_email_domain_name_match,https://www.openstreetmap.org/node/12106984312,https://www.openstreetmap.org/node/12106984312
node/7277910391,Schrifthof - Werkstatt für experimentelle Kalligraphie,,,osm_email_tag,https://schrifthof.de/,,1.0,True,,osm_email_domain_name_match,https://www.openstreetmap.org/node/7277910391,https://www.openstreetmap.org/node/7277910391
node/6235652333,Servicezentrum Auto und Verkehr,,,osm_email_tag,https://oa.karlsruhe.de/,,0.0,False,email_domain_does_not_identify_candidate,osm_email_domain_name_match,https://www.openstreetmap.org/node/6235652333,https://www.openstreetmap.org/node/6235652333
node/11214296100,Sozial- und Jugendbehörde,,,osm_email_tag,https://karlsruhe.de/,,0.0,False,website_domain_already_mapped_in_osm,osm_email_domain_name_match,https://www.openstreetmap.org/node/11214296100,https://www.openstreetmap.org/node/11214296100
node/10819436841,Autobahn GmbH Außenstelle Karlsruhe,,,osm_email_tag,https://autobahn.de/,,1.0,True,,osm_email_domain_name_match,https://www.openstreetmap.org/node/10819436841,https://www.openstreetmap.org/node/10819436841
node/11334807206,Evangelisches Pfarramt Markusgemeinde,,,osm_email_tag,https://kbz.ekiba.de/,,0.0,False,email_domain_does_not_identify_candidate,osm_email_domain_name_match,https://www.openstreetmap.org/node/11334807206,https://www.openstreetmap.org/node/11334807206
node/13738591748,Buderus,,,osm_email_tag,https://buderus.de/,,1.0,True,,osm_email_domain_name_match,https://www.openstreetmap.org/node/13738591748,https://www.openstreetmap.org/node/13738591748
node/11328328217,HUK-Coburg,,,osm_email_tag,https://hukvm.de/,,0.0,False,email_domain_does_not_identify_candidate,osm_email_domain_name_match,https://www.openstreetmap.org/node/11328328217,https://www.openstreetmap.org/node/11328328217
node/9622500436,Sozial- und Jugendbehörde,,,osm_email_tag,https://sjb.karlsruhe.de/,,0.0,False,email_domain_does_not_identify_candidate,osm_email_domain_name_match,https://www.openstreetmap.org/node/9622500436,https://www.openstreetmap.org/node/9622500436
node/10589854960,Ingenieurbüro Pfeffinger,,,osm_email_tag,https://t-online.de/,,0.0,False,free_email_provider,osm_email_domain_name_match,https://www.openstreetmap.org/node/10589854960,https://www.openstreetmap.org/node/10589854960
node/12377373287,Müller,,,osm_email_tag,https://mueller-msr.de/,,0.0,False,email_domain_does_not_identify_candidate,osm_email_domain_name_match,https://www.openstreetmap.org/node/12377373287,https://www.openstreetmap.org/node/12377373287
node/1254138518,Joas Immobilien,,,osm_email_tag,https://joas-immobilien.de/,,1.0,True,,osm_email_domain_name_match,https://www.openstreetmap.org/node/1254138518,https://www.openstreetmap.org/node/1254138518
way/104387291,Rathaus Wolfartsweier,,,osm_email_tag,https://karlsruhe.de/,,0.0,False,website_domain_already_mapped_in_osm,osm_email_domain_name_match,https://www.openstreetmap.org/way/104387291,https://www.openstreetmap.org/way/104387291
node/9518872387,Sabolini,,,osm_email_tag,https://gmail.com/,,0.0,False,free_email_provider,osm_email_domain_name_match,https://www.openstreetmap.org/node/9518872387,https://www.openstreetmap.org/node/9518872387
node/3147893527,Jürgen Hemmann,,,osm_email_tag,https://gmx.de/,,0.0,False,free_email_provider,osm_email_domain_name_match,https://www.openstreetmap.org/node/3147893527,https://www.openstreetmap.org/node/3147893527
node/6448028040,Persona Concept GmbH,,,osm_email_tag,https://personaconcept.de/,,0.0,False,email_domain_does_not_identify_candidate,osm_email_domain_name_match,https://www.openstreetmap.org/node/6448028040,https://www.openstreetmap.org/node/6448028040
way/221201827,Lehmann & Nagel GmbH,,,osm_email_tag,https://t-online.de/,,0.0,False,free_email_provider,osm_email_domain_name_match,https://www.openstreetmap.org/way/221201827,https://www.openstreetmap.org/way/221201827
node/3219494055,BürgerBüro Stutensee,,,osm_email_tag,https://stutensee.de/,,1.0,False,website_domain_already_mapped_in_osm,osm_email_domain_name_match,https://www.openstreetmap.org/node/3219494055,https://www.openstreetmap.org/node/3219494055
way/308179033,Malermeisterbetrieb Werner,,,osm_email_tag,https://aol.com/,,0.0,False,free_email_provider,osm_email_domain_name_match,https://www.openstreetmap.org/way/308179033,https://www.openstreetmap.org/way/308179033
node/3219494054,BürgerBüro Staffort,,,osm_email_tag,https://stutensee.de/,,0.0,False,website_domain_already_mapped_in_osm,osm_email_domain_name_match,https://www.openstreetmap.org/node/3219494054,https://www.openstreetmap.org/node/3219494054
node/6419523775,Steuerberatung Judith Frit,,,osm_email_tag,https://steuerberater-fritzj.de/,,0.0,False,email_domain_does_not_identify_candidate,osm_email_domain_name_match,https://www.openstreetmap.org/node/6419523775,https://www.openstreetmap.org/node/6419523775
node/13978522951,Stober Metallbau,,,osm_email_tag,https://stober-mw.com/,,0.5,False,email_domain_does_not_identify_candidate,osm_email_domain_name_match,https://www.openstreetmap.org/node/13978522951,https://www.openstreetmap.org/node/13978522951
