employer,title,location,region,postal_code,lat,lon,external_url,reference
Deichmann SE,"Verkäufer in Teilzeit (m/w/d), Sindelfingen",Sindelfingen,BADEN_WUERTTEMBERG,71065,48.7106628,9.0384173,,14774-BB-565198-12683-552-S
TALENOVA GmbH,KFZ Mechatroniker (gn) Motorenmontage,Freiberg am Neckar,BADEN_WUERTTEMBERG,71691,48.926061,9.2015865,,10001-1003803793-S
Zahnärztin Sdenka Keimel,,Esslingen am Neckar,BADEN_WUERTTEMBERG,73732,48.743181,9.3382875,,10000-1208166022-S
PAPEVE GmbH Der Spezialist für Ingenieure Techniker und Fachpersonal,Mitarbeiter Production Control / Fertigungssteuerung (m/w/d) 2110-421,Backnang,BADEN_WUERTTEMBERG,,48.9444551,9.4386667,,10001-1003804025-S
Richard Locher Landwirtschaft,"Unser Pferdehof sucht einen Mister, Hofpfleger/verwalter (m,w,d)",Langenenslingen,BADEN_WUERTTEMBERG,88515,48.201687,9.3325995,,10001-1003802686-S
Daimler Truck AG,Shophilfe (w/m/d) in Teilzeit in der Daimler Truck Gastronomie GmbH,Mannheim,BADEN_WUERTTEMBERG,68305,49.5270479,8.4877139,,15707-1603341-2-S
PreZero Deutschland KG,Specialist Project- & Processmanagement,Ölbronn-Dürrn,BADEN_WUERTTEMBERG,75248,48.987423,8.780211,,10001-1003800026-S
FERCHAU GmbH Niederlassung Mannheim,Projektingenieur Robotik & Automatisierung (m/w/d),Mannheim,BADEN_WUERTTEMBERG,68163,49.468936150001,8.504446349,,12265-522712_JB5265110-S
Autohaus Ebert GmbH & Co.KG,"Verkaufsberater Außendienst (m/w/d) – Ford | Region Heidelberg, Sandhausen, Hockenheim","Sandhausen, Baden",BADEN_WUERTTEMBERG,69207,49.351383,8.6578785,,10001-1003804000-S
Manfred Sickinger GmbH & Co. KG,Bereichsleiter incl. Schweißaufsicht und Organisation der Schlosserei (m/w/d),Eberdingen,BADEN_WUERTTEMBERG,71735,48.871791,8.9660025,,10001-1003803992-S
PAPEVE GmbH Der Spezialist für Ingenieure Techniker und Fachpersonal,Systemingenieur / Entwicklungsingenieur (m/w/d) – Laserkommunikation für Raumfahrt 2110-422,Backnang,BADEN_WUERTTEMBERG,,48.9444551,9.4386667,,10001-1003803980-S
Alb Zeitarbeit GmbH Esslingen,Produktionsmitarbeiter Baugruppenmontage (m/w/d),"Ludwigsburg, Württemberg",BADEN_WUERTTEMBERG,71642,48.90945422,9.235746468,,15621-2HUG530FBDJUZPRW-S
SOCCO Kaiserslautern GmbH - Niederlassung Mannheim,Werkzeugmacher (m/w/d),Mannheim,BADEN_WUERTTEMBERG,68161,49.4851983,8.472081,,10001-1003803978-S
PAPEVE GmbH Der Spezialist für Ingenieure Techniker und Fachpersonal,Testingenieur Radiation Testing / Raumfahrt-Elektronik (m/w/d) 2110-423,Backnang,BADEN_WUERTTEMBERG,,48.9444551,9.4386667,,10001-1003803971-S
Stadt Villingen-Schwenningen,Quereinsteiger für den Hort an der Schule Rietheim (m/w/d),Villingen-Schwenningen,BADEN_WUERTTEMBERG,78052,48.030939,8.4529215,,10001-1003803970-S
Pneuhage Management GmbH & Co. KG,Kfz-Mechatroniker (m/w/d),"Ulm, Donau",BADEN_WUERTTEMBERG,89081,48.40146,9.951795,,10001-1003803969-S
Argus Dienstleistungen GmbH,Objektleiter (m/w/d),Breisach am Rhein,BADEN_WUERTTEMBERG,79206,48.0424359,7.5760729,,10001-1003803964-S
Bürgermeisteramt Gottmadingen Verwaltung,Leitung Rechnungsamt (m/w/d),Gottmadingen,BADEN_WUERTTEMBERG,78244,47.736954,8.774703,,10001-1003803960-S
SOMI Experts GmbH,Buchhalter/in (m/w/d),"Heidelberg, Neckar",BADEN_WUERTTEMBERG,,49.404218004,8.683354004,,10001-1003803953-S
Constaff GmbH,#15073 Network Engineer (m/w/d),"Karlsruhe, Baden",BADEN_WUERTTEMBERG,,49.0069955,8.4139873,,10001-1003803949-S
M & S Türen und Tore GmbH,Gruppenleiter/ Obermonteur (m/w/d),Bisingen bei Hechingen,BADEN_WUERTTEMBERG,72406,48.323169,8.90775,,10001-1003803702-S
EVO Deutschland GmbH,Elektriker für Montageeinsätze (m/w/d),Mietingen,BADEN_WUERTTEMBERG,88487,48.186198,9.8963685,,10000-1208165964-S
ADAM NG GmbH,Betriebselektriker (m/w/d),Bruchsal,BADEN_WUERTTEMBERG,76646,49.122045,8.556129,,10001-1003803932-S
REISSER AG,Mitarbeiter im Verkaufsinnendienst (m/w/d),Pfinztal,BADEN_WUERTTEMBERG,76327,49.006944,8.525511,,10001-1003803927-S
Career Scout GmbH,Elektriker / Mechatroniker Instandhaltung (m/w/d),"Aalen, Württemberg",BADEN_WUERTTEMBERG,73433,48.87086139,10.101659563,,21044-71f5132b7ff0c1d9fa0-S
