publication_number,title,winner_names,winner_cities,winner_countries,winner_websites
676256-2023,Deutschland – Dienstleistungen von Ingenieurbüros – ÖPNV + IV Erschließung Ludwigshöhviertel - VE-P02.2 UBB Dendro Gutachten,,Karlsruhe,DEU,
679853-2023,Deutschland – Projektmanagement im Bauwesen – Projektmanagementleistungen Rad- und Fußgängerbrücke Schwetzingen,,Karlsruhe,DEU,
685245-2023,Deutschland – Feuerwehrfahrzeuge – FW Sylt - Lieferung DLK23/12,,Karlsruhe,DEU,
691504-2023,Deutschland – Verschiedene von Ingenieuren erbrachte Dienstleistungen – Rahmenvertrag - Örtliche Bauüberwachung an den KTE-Standorten,ATP Karlsruhe Planungs GmbH,Karlsruhe,DEU,
694020-2023,"Deutschland – IT-Dienste: Beratung, Software-Entwicklung, Internet und Hilfestellung – Design, Entwicklung und Pflege von PHP - Anwendungssoftware (Rahmenvereinbarung)",,Karlsruhe,DEU,
700369-2023,Deutschland – Verlagsdienste – Beschäftigtenzeitschrift Zoll aktuell,die Infomacher - Karin und Ulrich Nusch GbR,Karlsruhe,DEU,
703214-2023,Deutschland – Reifen für Normalbeanspruchung und Hochleistungsreifen – Rahmenvereinbarung für die Lieferung von Reifen (Neureifen und Runderneuerte Reifen) für die Stadtreinigung Leipzig,,Karlsruhe,DEU,
704575-2023,"Deutschland – Dienstleistungen in Verbindung mit Software – SAP Beratungs- und Unterstützungsleistungen, Lotto Bayern",scdsoft AG,Karlsruhe,DEU,
704599-2023,Deutschland – Dienstleistungen von Ingenieurbüros – Bauüberwachungsleistungen - Erneuerung F-Kabel Bruchsal-Bretten,KMS Bauüberwachung GmbH,Karlsruhe,DEU,
706620-2023,Deutschland – Überlassung von Personal einschließlich Zeitarbeitskräfte – 1 Mitarbeiter (m/w/d) in ANÜ – TEZR-A02 LKW und Staplerfahrer für die Gruppe Reststofflager/Transport TEZR,Veltec GmbH & Co. KG,Karlsruhe,DEU,
706809-2023,Deutschland – Dienstleistungen von Ingenieurbüros – Ingenieurleistungen nach Teil 4 Abschnitt 2 HOAI (Küchenplanung),FC-Planung GmbH,Karlsruhe,DEU,
707700-2023,Deutschland – Reparatur und Wartung von elektrischen Einrichtungen in Gebäuden – EMSR Arbeiten,GME mbH,Karlsruhe,DEU,
709625-2023,Deutschland – Verschiedene von Ingenieuren erbrachte Dienstleistungen – Rahmenvertrag - Bauliche Planungsleistungen für die Rückbauprojekte an den KTE-Standorten,ATP Karlsruhe Planungs GmbH,Karlsruhe,DEU,
716424-2023,"Deutschland – Dienstleistungen von Architektur- und Ingenieurbüros sowie planungsbezogene Leistungen – Rahmenvereinbarung Planung Ingenieurbauwerke: Objekt- und Fachplanung für Ingenieurbauwerke einschl. Tragwerksplanung und Anpassungsplanungen für Verkehrsanlagen, OLA-, EEA-, LST- und TK-Anlagen","AFRY Deutschland GmbH | Ingenieurbüro Dr. Binnewies - Bauingenieure, Prüfingenieure für | BIEGE Schönhofen Kaiserslautern c/o Schönhofen Ingenieure GbR | PTB- Ingenieurbüro f.Planung,Techno - und Bauüberwachung Magdeburg GmbH | ICL Rail GmbH | EHS beratende Ingenieure für - Bauwesen GmbH | GRE German Rail Engineering GmbH | Ingenieurbüro Hahn - Inhaber: Siegfried Kaplan | BUNG Ingenieure Aktiengesellschaft | Emch + Berger GmbH - Ingenieure und Planer Nürnberg | SSF Ingenieure AG - Beratende Ingenieure im Bauwesen | Reiser+Schlicht Beratende Ingenieur - PartG mbB Planungsgesellschaft für | SBS Ingenieure Ingenieurgesellschaf - für das Bauwesen mbH | ZPP Ingenieure AG | Ingenieurbüro H. J. Schiffer & Part - GmbH | BNP Ingenieure GmbH | WERNER CONSULT Ziviltechniker GmbH | bulicek + ingenieure GmbH | BIEGE Rahmenvertrag Infra c/o KREBS+KIEFER Ingenieure GmbH | Wallerich Ingenieurtechnik - GmbH u. Co. KG | Vössing Ingenieurgesellschaft mbH | BPR Dr. Schäpertöns Consult GmbH & | Engler, Rüdt & Sättele - PLANEN+BERATEN Gesellschaft | West-Plan-Ingenieure GmbH | Müller Ingenieurplan GmbH | BIEGE Ingenieurbüro Schulze & Rank GmbH/FUCHS Ingenieurbüro für Verkehrsbau c/o Ingenieurbüro Schulze & Rank Ingenieurgesellschaft mbH | gbm Gesellschaft für Baugeologie- - und -meßtechnik mbH Baugrundinstitu | TransportTechnologie-Consult - Karlsruhe GmbH (TTK) | WKP Planungsbüro für Bauwesen GmbH | Konstruktionsgruppe Bauen AG | Ingenieurbüro Peters - Dipl.-Ing. (FH) Mario Peters | KLÄHNE BUNG Beratende Ingenieure im - Bauwesen GmbH | Wolf Ingenieure GmbH | Ingenieurgesellschaft Gnauert u. Pa - mbH | INROS LACKNER SE | Schüßler-Plan - Ingenieurgesellschaft mbH | brakon INGENIEURE GmbH | Bernard Gruppe ZT GmbH | Ingenieurgemeinschaft Gnade GmbH | Zilch + Müller Ingenieure GmbH | HTG Ingenieurbüro für Bauwesen - GmbH | Mailänder Consult GmbH | ilp2 Ingenieure GmbH & Co. KG | Ingenieurbüro für Bauwesen Schmidt | Planungsbüro Loevenich - Inhaber: Andreas Loevenich | w+b ingenieure gmbh | MIV Mecklenburgisches Ingenieurbüro - für Verkehrsbau GmbH | IBJ Ingenieurgesellschaft mbH | IGS Ingenieure GmbH & Co. KG | Ingenieurbüro Grassl GmbH - Beratende Ingenieure für das | grbv Ingenieure im Bauwesen - GmbH & Co. KG | Harrer Ingenieure Gesellschaft - beratender Ingenieure VBI mbH | Curbach Bösche Ingenieurpartner - Beratende Ingenieure PartG mbB | Dittmann+Ingenieure Bauplanung - GmbH & Co. KG | BIB Kutz GmbH & Co KG - Beratende Ingenieure im Bauwesen | BCI Ingenieure GmbH | TIG Ingenieure GmbH & Co. KG | MKP GmbH | Weihermüller & Vogel GmbH | Ingenieurbüro Schulze - Dipl.-Ing. Matthias Schulze | GE German Engineering GmbH | Ingenieurgesellschaft KEMPA mbH | IBB Ingenieurbüro für Bauwesen - Fehling + Jungmann GmbH | Ingenieurbüro Merkin & Völker GmbH | BSI Ingenieurgesellschaft mbH | Setzpfandt Beratende Ingenieure - GmbH & Co. KG | Arup Deutschland GmbH | WSP Infrastructure Engineering GmbH | Sweco GmbH | OBERMEYER Infrastruktur - GmbH & Co. KG | HVB Ingenieurgesellschaft mbH | Spettmann + Kahr Rodzinski . Grunwa - Lagemann GmbH & Co. KG",Mannheim | Hamburg | Kaiserslautern | Magdeburg | Leipzig | Lohfelden | Frankfurt am Main | Plochingen | Heidelberg | Nürnberg | München | Weimar | Saarlouis | Bochum | Saarbrücken | Stuttgart | Wien | Passau | Darmstadt | Kassel | Düsseldorf | München | Dresden | Dortmund | Karlsruhe | Chemnitz | Ettlingen | Karlsruhe | Dresden | Kempten | Schmallenberg | Berlin | Wiesloch | Erfurt | Rostock | Berlin | Fuldabrück | Hall in Tirol | Magdeburg | München | Schwerin | Karlsruhe | München | Schmallenberg | Laatzen | Münster | Schwerin | Leipzig | Weimar | Hamburg | Hannover | Karlsruhe | Dresden | Dresden | Karlsruhe | Hamburg | Nürnberg | Weimar | Wiesbaden | Magdeburg | Köln | Ludwigshafen | Kassel | München | Dresden | Weimar | Berlin | Frankfurt am Main | Bremen | München | Wandlitz | Altenbeken,DEU | DEU | DEU | DEU | DEU | DEU | DEU | DEU | DEU | DEU | DEU | DEU | DEU | DEU | DEU | DEU | AUT | DEU | DEU | DEU | DEU | DEU | DEU | DEU | DEU | DEU | DEU | DEU | DEU | DEU | DEU | DEU | DEU | DEU | DEU | DEU | DEU | AUT | DEU | DEU | DEU | DEU | DEU | DEU | DEU | DEU | DEU | DEU | DEU | DEU | DEU | DEU | DEU | DEU | DEU | DEU | DEU | DEU | DEU | DEU | DEU | DEU | DEU | DEU | DEU | DEU | DEU | DEU | DEU | DEU | DEU | DEU,
718567-2023,Deutschland – Softwarepaket und Informationssysteme – Upgrade Oracle,,Karlsruhe,DEU,
718647-2023,Deutschland – Forschungsdienste – A 27-23,Karlsruher Institut für Technologie,Karlsruhe,DEU,
719034-2023,Deutschland – Lichtwellenleitergeräte – Maschine Sonata (TPP-Printing) QNC - PR477850 - 2590 - W,Vanguard Automation GmbH,Karlsruhe,DEU,
719571-2023,Deutschland – Feuerwehrfahrzeuge – Lieferung eines Einsatzleitwagens ELW unterteilt in zwei Lose sowie einer Drehleiter DLAK 23/12 unterteilt in drei Lose,REDCAR GmbH & Co. KG | Matuczak Feuerschutz | Volvo Group Trucks Vertrieb Nord GmbH | Rosenbauer Deutschland GmbH | Matuczak Feuerschutz,Adendorf | Preetz | Hemmingstedt | Karlsruhe,DEU | DEU | DEU | DEU,
722085-2023,Deutschland – Dienstleistungen in Verbindung mit Software – Unterstützung durch Microsoftspezialisten,Orange Business Services - Login Consultants Germany GmbH,Karlsruhe,DEU,
722804-2023,Deutschland – Wärmedämmarbeiten – Sanierung Kurpfalz-Gymnasium - WDVS Treppenhäuser,lembke fassadenbau gmbh,karlsruhe,DEU,
725433-2023,Deutschland – Fahrzeuge mit Drehleiter – Lieferung eines Hubrettungsfahrzeuges DLAK 23/12,,Karlsruhe,DEU,
726156-2023,Deutschland – Feuerwehrfahrzeuge – Beschaffung eines Hubrettungsfahrzeuges/Automatik-Drehleiter (DLA(K) 23/12) für die Freiwillige Feuerwehr Bad Bergzabern der Verbandsgemeinde Bad Bergzabern,,Karlsruhe,DEU,
738172-2023,"Österreich – Laborgeräte, optische Geräte und Präzisionsgeräte (außer Gläser) – Beschaffung eines fabrikneuen Trocken-Misch-Kryostaten mit kurzen Kühlzeiten",Qinu GmbH,Karlsruhe,DEU,
742242-2023,Deutschland – Büromaterial – Büromaterial,Erhardt & Fischer GmbH & Co. KG,Karlsruhe,DEU,
742306-2023,"Deutschland – Dienstleistungen von Architektur-, Konstruktions- und Ingenieurbüros und Prüfstellen – B33n, Abs. C, Tunnel Röhrenberg",Müller + Hereth Ingenieurbüro für Tunnel- und Felsbau GmbH,Karlsruhe,DEU,
