qid,name,website,headquarters_item,distance_km,location_evidence
Q2307494,Sparkasse Karlsruhe,https://www.sparkasse-karlsruhe.de,http://www.wikidata.org/entity/Q1569329,0.309,"hq item coordinate, not necessarily establishment coordinate"
Q48758378,Rechtsanwaltskammer bei dem Bundesgerichtshof,https://www.rak-bgh.de/,http://www.wikidata.org/entity/Q1348348,0.54,"hq item coordinate, not necessarily establishment coordinate"
Q687323,Bundesgerichtshof,https://www.bundesgerichtshof.de/EN/Home/homeBGH_node.html,http://www.wikidata.org/entity/Q1348348,0.54,"hq item coordinate, not necessarily establishment coordinate"
Q111085825,Regierungspräsidium Karlsruhe,https://rp.baden-wuerttemberg.de/rpk/,http://www.wikidata.org/entity/Q131543318,0.543,"hq item coordinate, not necessarily establishment coordinate"
Q56025,Bundesverfassungsgericht,https://www.bundesverfassungsgericht.de/,http://www.wikidata.org/entity/Q1040,1.119,"hq item coordinate, not necessarily establishment coordinate"
Q1652311,Landgericht Karlsruhe,https://landgericht-karlsruhe.justiz-bw.de/,http://www.wikidata.org/entity/Q121300399,0.709,"hq item coordinate, not necessarily establishment coordinate"
Q1327646,Elektrotechnisches Institut,https://www.eti.kit.edu/,http://www.wikidata.org/entity/Q130681732,0.793,"hq item coordinate, not necessarily establishment coordinate"
Q21040684,Südwestdeutsches Archiv für Architektur und Ingenieurbau,https://www.saai.kit.edu/,http://www.wikidata.org/entity/Q130760453,0.865,"hq item coordinate, not necessarily establishment coordinate"
Q130760596,Institut für Verkehrswesen,https://www.ifv.kit.edu/,http://www.wikidata.org/entity/Q130760390,0.915,"hq item coordinate, not necessarily establishment coordinate"
Q309988,Karlsruher Institut für Technologie,https://www.kit.edu/,http://www.wikidata.org/entity/Q1040,1.119,"hq item coordinate, not necessarily establishment coordinate"
Q315762,BG Karlsruhe,http://www.bg-karlsruhe.de/,http://www.wikidata.org/entity/Q1040,1.119,"hq item coordinate, not necessarily establishment coordinate"
Q105853,Karlsruher SC,https://www.ksc.de/,http://www.wikidata.org/entity/Q1040,1.119,"hq item coordinate, not necessarily establishment coordinate"
Q136135,ZG Raiffeisen,https://www.zg-raiffeisen.de,http://www.wikidata.org/entity/Q1040,1.119,"hq item coordinate, not necessarily establishment coordinate"
Q138363,Schoeps,http://www.schoeps.de,http://www.wikidata.org/entity/Q1040,1.119,"hq item coordinate, not necessarily establishment coordinate"
Q121733715,EBID Service AG,https://info.unternehmensverzeichnis.org/impressum/,http://www.wikidata.org/entity/Q1040,1.119,"hq item coordinate, not necessarily establishment coordinate"
Q122304664,PTV Logistics,https://www.ptvlogistics.com,http://www.wikidata.org/entity/Q1040,1.119,"hq item coordinate, not necessarily establishment coordinate"
Q122305380,PTV Transport Consult GmbH,https://consult.ptvgroup.com,http://www.wikidata.org/entity/Q1040,1.119,"hq item coordinate, not necessarily establishment coordinate"
Q123166219,Volkswohnung GmbH,https://volkswohnung.de/,http://www.wikidata.org/entity/Q1040,1.119,"hq item coordinate, not necessarily establishment coordinate"
Q123168595,Bildungsverein Region Karlsruhe e. V.,https://wiki.bvrk.de/wiki/Hauptseite,http://www.wikidata.org/entity/Q1040,1.119,"hq item coordinate, not necessarily establishment coordinate"
Q123340200,Produktivkeller Studios,https://produktivkeller.com/,http://www.wikidata.org/entity/Q1040,1.119,"hq item coordinate, not necessarily establishment coordinate"
Q123598479,LG Region Karlsruhe,https://lgr-karlsruhe.de/,http://www.wikidata.org/entity/Q1040,1.119,"hq item coordinate, not necessarily establishment coordinate"
Q123694240,Baden Volleys SSC Karlsruhe,https://volleyball-karlsruhe.de/,http://www.wikidata.org/entity/Q1040,1.119,"hq item coordinate, not necessarily establishment coordinate"
Q123864121,Engineers Without Borders KIT,https://ewb-karlsruhe.de/,http://www.wikidata.org/entity/Q1040,1.119,"hq item coordinate, not necessarily establishment coordinate"
Q124411839,SciMo – Elektrische Hochleistungsantriebe GmbH,https://sci-mo.de/,http://www.wikidata.org/entity/Q1040,1.119,"hq item coordinate, not necessarily establishment coordinate"
Q124417760,Team Sauberes Karlsruhe,https://tsk.karlsruhe.de/,http://www.wikidata.org/entity/Q1040,1.119,"hq item coordinate, not necessarily establishment coordinate"
Q124476041,Stadtwerke Karlsruhe Netzservice,https://www.netzservice-swka.de/,http://www.wikidata.org/entity/Q1040,1.119,"hq item coordinate, not necessarily establishment coordinate"
Q125392132,Bokela,https://www.bokela.com,http://www.wikidata.org/entity/Q1040,1.119,"hq item coordinate, not necessarily establishment coordinate"
Q7512,Haecksen,https://www.haecksen.org/,http://www.wikidata.org/entity/Q1040,1.119,"hq item coordinate, not necessarily establishment coordinate"
Q23786253,Verband Deutscher Betriebs- und Werksärzte,http://www.vdbw.de,http://www.wikidata.org/entity/Q1040,1.119,"hq item coordinate, not necessarily establishment coordinate"
Q23788018,Dekanat Karlsruhe,https://www.kath-karlsruhe.de/,http://www.wikidata.org/entity/Q1040,1.119,"hq item coordinate, not necessarily establishment coordinate"
Q27031319,PS Karlsruhe Lions,https://www.psk-lions.de/,http://www.wikidata.org/entity/Q1040,1.119,"hq item coordinate, not necessarily establishment coordinate"
Q28845251,Landesmusikrat Baden-Württemberg,http://www.lmr-bw.de/,http://www.wikidata.org/entity/Q1040,1.119,"hq item coordinate, not necessarily establishment coordinate"
Q28901336,Jacob Elektronik,https://www.jacob.de/,http://www.wikidata.org/entity/Q1040,1.119,"hq item coordinate, not necessarily establishment coordinate"
Q29123403,Bard (Germany),http://www.bard.de/cms/servlet/Query?node=81492&language=1,http://www.wikidata.org/entity/Q1040,1.119,"hq item coordinate, not necessarily establishment coordinate"
Q30252828,CAS Software AG,https://www.cas-software.com/,http://www.wikidata.org/entity/Q1040,1.119,"hq item coordinate, not necessarily establishment coordinate"
Q30254781,Inno (Germany),http://www.inno-group.com/en/pages/33-inno-germany,http://www.wikidata.org/entity/Q1040,1.119,"hq item coordinate, not necessarily establishment coordinate"
Q30285182,MKmetric (Germany),http://www.mkm.de/,http://www.wikidata.org/entity/Q1040,1.119,"hq item coordinate, not necessarily establishment coordinate"
Q30285534,YellowMap AG,https://www.yellowmap.com/,http://www.wikidata.org/entity/Q1040,1.119,"hq item coordinate, not necessarily establishment coordinate"
Q31841385,Rechtsanwaltskammer Karlsruhe,https://www.rak-karlsruhe.de/,http://www.wikidata.org/entity/Q1040,1.119,"hq item coordinate, not necessarily establishment coordinate"
Q33127873,Naturwissenschaftlicher Verein Karlsruhe,https://www.nwv-karlsruhe.de/,http://www.wikidata.org/entity/Q1040,1.119,"hq item coordinate, not necessarily establishment coordinate"
Q34561210,Caemmerer Lenz,http://www.caemmerer-lenz.de/,http://www.wikidata.org/entity/Q1040,1.119,"hq item coordinate, not necessarily establishment coordinate"
Q36253993,FC Neureut,http://www.fc-neureut.de/,http://www.wikidata.org/entity/Q1040,1.119,"hq item coordinate, not necessarily establishment coordinate"
Q38433645,Sektion Karlsruhe des Deutschen Alpenvereins,http://alpenverein-karlsruhe.de/,http://www.wikidata.org/entity/Q1040,1.119,"hq item coordinate, not necessarily establishment coordinate"
Q43894945,Joimax (Germany),https://www.joimax.com/us/,http://www.wikidata.org/entity/Q1040,1.119,"hq item coordinate, not necessarily establishment coordinate"
Q47423134,Physik Instrumente,https://www.physikinstrumente.com/en/,http://www.wikidata.org/entity/Q1040,1.119,"hq item coordinate, not necessarily establishment coordinate"
Q50038431,Diakonie Baden,http://www.diakonie-baden.de/,http://www.wikidata.org/entity/Q1040,1.119,"hq item coordinate, not necessarily establishment coordinate"
Q50038790,Storch und Beller,http://storch-beller.de/startseite/,http://www.wikidata.org/entity/Q1040,1.119,"hq item coordinate, not necessarily establishment coordinate"
Q52844671,WEBAGENCY E-Commerce,http://www.webagency.de/,http://www.wikidata.org/entity/Q1040,1.119,"hq item coordinate, not necessarily establishment coordinate"
Q54867480,Karlsruher SC,http://www.ksc.de/,http://www.wikidata.org/entity/Q1040,1.119,"hq item coordinate, not necessarily establishment coordinate"
Q56849265,Handwerkskammer Karlsruhe,https://www.hwk-karlsruhe.de/,http://www.wikidata.org/entity/Q1040,1.119,"hq item coordinate, not necessarily establishment coordinate"
Q57695998,Asseco Solutions AG,https://assecosolutions.com,http://www.wikidata.org/entity/Q1040,1.119,"hq item coordinate, not necessarily establishment coordinate"
Q1589080,Hatz-Moninger Brauhaus,https://www.moninger.de/,http://www.wikidata.org/entity/Q1040,1.119,"hq item coordinate, not necessarily establishment coordinate"
Q1600968,Max-Reger-Institut,http://www.max-reger-institut.de,http://www.wikidata.org/entity/Q1040,1.119,"hq item coordinate, not necessarily establishment coordinate"
Q1633965,Volksbank pur,https://www.volksbank-karlsruhe.de/,http://www.wikidata.org/entity/Q1040,1.119,"hq item coordinate, not necessarily establishment coordinate"
Q1653256,ICON-SCM,https://www.e2open.com/de/,http://www.wikidata.org/entity/Q1040,1.119,"hq item coordinate, not necessarily establishment coordinate"
Q1654187,INIT Innovation in Traffic Systems,https://initse.com,http://www.wikidata.org/entity/Q1040,1.119,"hq item coordinate, not necessarily establishment coordinate"
