name,website,cohort,status,career_pages,providers,feed_jobs
audials,https://audials.com/,karlsruhe_it_followup_20,unresolved,,,
qwertiko GmbH,https://www.qwertiko.de/,karlsruhe_it_followup_20,career_content_found,https://www.qwertiko.de/jobs/ | https://www.qwertiko.de/jobs/senior-linux-administrator-all/ | https://www.qwertiko.de/jobs/junior-linux-administrator-all/,,
Navigate AG,https://navigate.de,karlsruhe_it_followup_20,unresolved,,,
awesome,https://awesome-it.de/,karlsruhe_it_followup_20,career_content_found,https://awesome-it.de/de/careers | https://awesome-it.de/en/careers,,
act smartware,https://www.act-smartware.de/,karlsruhe_it_followup_20,unresolved,,,
adesso,https://www.adesso.de,karlsruhe_it_followup_20,career_content_found,https://www.adesso.de/de/jobs-karriere/faqs/index.jsp | https://www.adesso.de/de/jobs-karriere/start/index-2.jsp | https://www.adesso.de/de/jobs-karriere/arbeitswelt/index.jsp | https://www.adesso.de/de/jobs-karriere/entwicklung/index.jsp | https://www.adesso.de/de/jobs-karriere/top-employer/index.jsp,,
IONOS,https://www.ionos.de/,karlsruhe_it_followup_20,jobs_feed_found,https://jobs.ionos.de/karriere/wer-wir-sind | https://jobs.ionos.de/karriere/jobs/alle-jobs | https://jobs.ionos.de/karriere/jobangebot/4979230101-volljurist-wmd,greenhouse,37
Tooltec IT GmbH,https://tooltec.de,karlsruhe_it_followup_20,career_content_found,https://tooltec.de/karriere/,,
DatenBerg GmbH,https://datenberg.eu,karlsruhe_it_followup_20,unresolved,,,
Renumics GmbH,https://renumics.com,karlsruhe_it_followup_20,unresolved,,,
dipano GmbH,https://dipano.com,karlsruhe_it_followup_20,unresolved,,,
emmtrix Technologies GmbH,https://www.emmtrix.com,karlsruhe_it_followup_20,career_content_found,https://www.emmtrix.com/company/jobs,,
heliopas.ai GmbH,https://heliopas.ai/,karlsruhe_it_followup_20,career_content_found,https://heliopas.ai/jobs/ | https://drive.google.com/file/d/16ZpZz3oEPSD0cEwtXv-mKPBI3uUyR4d1/view?usp=sharing,,
thingsTHINKING GmbH,https://www.semantha.de/,karlsruhe_it_followup_20,unresolved,,,
Easy Smart Grid GmbH,https://www.easysg.de/,karlsruhe_it_followup_20,unresolved,,,
HS High Stake GmbH,https://high-stake.de/,karlsruhe_it_followup_20,unresolved,,,
BIN Holding,https://binholding.de,karlsruhe_it_followup_20,unresolved,,,
HS Analysis GmbH,https://www.hs-analysis.com/,karlsruhe_it_followup_20,career_content_found,https://hs-analysis.com/careers/,,
SL Optimum GmbH,https://sl-optimum.com,karlsruhe_it_followup_20,unresolved,,,
PTV Logistics GmbH,https://www.ptvlogistics.com,karlsruhe_it_followup_20,career_content_found,https://www.ptvlogistics.com/en-us/about-ptv-logistics/careers/jobs | https://www.ptvlogistics.com/en/about-ptv-logistics/careers/jobs | https://www.ptvlogistics.com/nl/about-ptv-logistics/careers/jobs | https://www.ptvlogistics.com/de/ueber-ptv-logistics/karriere/jobs | https://www.ptvlogistics.com/en-us/about-ptv-logistics/careers,personio,
